item_name,total_recomendaciones,year
"""Glow Ball"" - The billiard puzzle game",1,2015
10 Second Ninja,1,2016
12 Labours of Hercules II: The Cretan Bull,25,2015
12 is Better Than 6,1,2017
16 Bit Arena,5,2015
18 Wheels of Steel: Extreme Trucker,1,2015
1953 - KGB Unleashed,5,2015
1954 Alcatraz,1,2017
1Heart,1,2015
20XX,2,2016
24 HOURS,2,2015
3 Stars of Destiny,1,2016
3079 -- Block Action RPG,2,2014
35MM,1,2017
3D ParticleGen Visual FX,1,2014
3D Ultra Minigolf Adventures Deluxe,7,2018
3DMark,104,2017
3DMark 11,2,2017
3d-coat,1,2014
500 MILES,1,2014
60 Seconds!,7,2014
7 Days to Die,2,2014
"7 Grand Steps, Step 1: What Ancients Begat",42,2015
7 Wonders of the Ancient World,2,2016
8-Bit Adventures: The Forgotten Journey Remastered Edition,2,2018
8BitBoy,1,2014
9.03m,2,2015
911: First Responders,1,2017
9th Company - Roots of Terror,6,2018
A Boy and His Blob,2,2016
A Chair in a Room: Greenwater,1,2016
A Date in the Park,2,2016
A Fistful of Gun,22,2016
A New Beginning - Final Cut,148,2015
A Virus Named TOM,7,2018
A Wise Use of Time,17,2016
A-10 VR,1,2017
A-men,1,2017
A.R.E.S.,2,2016
A.V.A - Alliance of Valiant Arms,2,2015
ABC Coloring Town,1,2015
ABE VR,1,2016
ABZU,1,2014
ACE - Arena: Cyber Evolution,68,2015
AGFPROV3 Premium,2,2015
AI War: Fleet Command,3,2014
AI: Rampage,6,2015
AION Free-to-Play,9,2014
AKIBA'S TRIP: Undead & Undressed,81,2014
ALPAGES : THE FIVE BOOKS,1,2014
APB Reloaded,4,2017
AR-K,1,2016
ARK: Survival Evolved,14,2016
ARK: Survival Of The Fittest,2,2017
AXYOS,26,2017
AZMD! Scorepocalypse ,2,2017
AaAaAA!!! - A Reckless Disregard for Gravity,2,2017
Aaru's Awakening,1,2018
Abandoned,1,2017
Abrix for kids,1,2014
Absent,3,2017
Absolute Drift,6,2018
Abyss Odyssey,2,2017
Acceleration of Suguri X-Edition,1,2018
Ace of Spades,16,2014
Ace of Words,1,2016
Aces of the Galaxy,2,2018
Act of Aggression,10,2015
Action! - Gameplay Recording and Streaming,1,2017
Actual Sunlight,2,2016
AdVenture Capitalist,6,2017
Adam's Venture Episode 1: The Search For The Lost Garden,1,2018
Adorables,4,2018
Adventure Park,1,2014
Adventure World,1,2014
AdventureQuest 3D,2,2016
AdvertCity,1,2017
Aeon Command,1,2017
Aerena,1,2015
Affected Zone Tactics,2,2015
AfterShock: OUTBREAK,2,2018
Afterfall InSanity - Dirty Arena Edition,1,2014
Agarest Zero,1,2015
Agarest: Generations of War,3,2017
Age of Booty,1,2017
Age of Cavemen,1,2014
Age of Conan: Unchained,2,2014
Age of Conquest IV,4,2014
Age of Fear 2: The Chaos Lord,1,2016
Age of Gladiators,1,2015
Age of Mythology: Extended Edition,18,2016
Age of Wonders III,11,2017
Agent Awesome,1,2016
Agricultural Simulator 2013 Steam Edition,1,2014
Agricultural Simulator: Historical Farming,1,2015
Air Brawl,17,2016
Air Conflicts: Vietnam,1,2014
Air Forte ,2,2018
AirBuccaneers,6,2015
AirMech,11,2015
Airport Firefighters - The Simulation,1,2015
Airport Simulator 2014,20,2017
Akane the Kunoichi,1,2016
Akaneiro: Demon Hunters,9,2016
Akin,1,2016
Alan Wake,15,2015
Albert and Otto: The Adventure Begins,2,2015
Alchemy Mysteries: Prague Legends,48,2016
Alganon,1,2014
Alien Breed: Impact,11,2014
Alien Rage - Unlimited,21,2014
Alien Run,2,2015
Alien Shooter 2 Conscription,1,2014
Alien Shooter 2: Reloaded,1,2014
Alien Spidy,2,2014
Alien: Isolation,3,2018
Aliens versus Predator Classic 2000,7,2017
Aliens: Colonial Marines,2,2014
All Aspect Warfare,3,2017
All Guns On Deck,1,2016
All Is Dust,2,2017
All Zombies Must Die!,1,2017
Alpha Prime,18,2015
Altitude,13,2017
Always Remember Me,1,2017
Always Sometimes Monsters,1,2016
Always Sometimes Monsters Demo,1,2016
Amazing World,14,2014
American Truck Simulator,2,2014
Amerzone: The Explorer's Legacy,1,2016
Amnesia: The Dark Descent,40,2018
Amnesia™: Memories,2,2016
Among Ripples,12,2016
Ampersand,5,2014
An Alternative Reality: The Football Manager Documentary,1,2014
An Octave Higher,2,2015
Anachronox,7,2016
Anarchy Arcade,1,2017
Anarcute,1,2015
Ancients of Ooga,1,2016
And Yet It Moves,1,2015
Angel Express [Tokkyu Tenshi],2,2018
Angry Video Game Nerd Adventures,1,2014
Anno 1404,1,2017
Anno 2070,9,2015
Anodyne,3,2018
Anomaly 2,4,2014
Anomaly Korea,5,2015
Another Perspective,1,2017
Another World,5,2017
Antisquad,2,2015
Aperture Tag: The Paint Gun Testing Initiative,1,2016
Apollo4x,1,2015
Apothecarium: The Renaissance of Evil - Premium Edition,1,2017
Aqua Kitty - Milk Mine Defender,1,2016
Aqua Panic!,1,2015
AquaNox,5,2017
Aquaria,2,2017
Arcane Saga Online,1,2015
ArcaniA,4,2018
Archeblade,8,2014
Arctic Adventure,2,2018
Arena Wars 2,9,2016
Arma 2,1,2017
Arma 2: DayZ Mod,48,2014
Arma 2: Operation Arrowhead Beta (Obsolete),85,2017
Arma Tactics,2,2016
Arma X: Anniversary Edition,1,2015
Arma: Cold War Assault,15,2015
Arma: Combat Operations,3,2014
Armada 2526,1,2015
Armed with Wings: Rearmed,2,2016
Armello,5,2014
Armikrog,129,2016
Army of Pixels,1,2014
ArtRage 4,12,2016
Arvale,1,2015
Arx Fatalis,139,2017
Ascend: Hand of Kul,2,2018
Ashes Cricket 2009,1,2016
Assassin's Creed Freedom Cry,2,2015
Assassin's Creed IV Black Flag,19,2016
Assassin's Creed Revelations,15,2018
Assassin's Creed Unity,3,2018
Assassin’s Creed® Chronicles: China,1,2018
Assault Android Cactus,4,2017
Astebreed,1,2015
Astray,1,2015
Astro Lords,1,2015
Astro Lords: Oort Cloud,9,2017
Atlantica Online,3,2016
Atom Universe,1,2018
Atom Zombie Smasher ,2,2017
Attack on Titan / A.O.T. Wings of Freedom,1,2014
Attrition: Nuclear Domination,1,2014
Audiosurf,22,2016
Audition Online,3,2016
Auditorium,16,2018
Aura Kingdom,2,2017
Aura: Fate of the Ages,1,2015
AutoTileGen,1,2014
Avalanche 2: Super Avalanche,3,2018
Avalon Lords: Dawn Rises,1,2015
Avernum 2: Crystal Souls,2,2016
Avernum: Escape From the Pit,1,2017
Aveyond 3-2: Gates of Night,2,2014
Awareness Rooms,1,2016
Awesomenauts,82,2015
Axes and Acres,1,2014
Axiom Verge,1,2016
Aztaka,1,2014
B.U.T.T.O.N.,1,2018
BASEBALL STARS 2,4,2015
BC Kings,2,2015
BEEP,3,2017
BIT.TRIP BEAT,3,2017
BIT.TRIP FATE,2,2016
BIT.TRIP Presents... Runner2: Future Legend of Rhythm Alien,22,2017
BIT.TRIP RUNNER,1,2016
BLACKHOLE,5,2018
BLADESTORM: Nightmare,1,2015
BLOCKADE 3D,9,2014
BRAINPIPE: A Plunge to Unhumanity,1,2014
BRAWL,1,2015
BUTTS,1,2017
Babel Rising,1,2018
Back to the Future: Ep 1 - It's About Time,7,2016
Back to the Future: Ep 3 - Citizen Brown,2,2014
Back to the Future: Ep 4 - Double Visions,5,2016
Back to the Future: Ep 5 - OUTATIME,4,2017
Bad Rats,26,2016
Badland Bandits,3,2015
Baldur's Gate II: Enhanced Edition,46,2014
Baldur's Gate: Enhanced Edition,32,2015
Ballpoint Universe: Infinite,1,2016
Banished,5,2014
Barbara-ian,1,2015
Barbie™ Dreamhouse Party™,1,2018
Bardbarian,3,2014
Baseball Mogul 2008,1,2017
Basement,10,2017
Basketball Pro Management 2014,1,2016
Bastion,668,2017
Batla,7,2014
Batman - The Telltale Series,25,2014
Batman: Arkham Asylum,1,2018
Batman: Arkham City GOTY,537,2016
Batman: Arkham City™,9,2016
Batman™: Arkham Knight,16,2017
Batman™: Arkham Origins Blackgate - Deluxe Edition,17,2014
Battle Islands,1,2015
Battle Nations,23,2016
Battle for Graxia,4,2018
Battle of Empires : 1914-1918,3,2018
BattleBlock Theater,2,2017
BattleStick,5,2017
Battleborn,19,2018
Battlefield 2,14,2014
Battlefield: Bad Company 2,1,2014
Battlefleet Gothic: Armada,70,2014
Battlegrounds of Eldhelm,2,2018
Battleline: Steel Warfare,4,2018
Battlepaths,1,2014
Battlestations: Pacific,17,2017
Battlezone 98 Redux,1,2016
BeamNG.drive,4,2018
Beasts of Prey,14,2018
Beat Hazard,170,2014
Beatbuddy: Tale of the Guardians,135,2014
Bejeweled 2 Deluxe,1,2016
Bejeweled 3,3,2016
Belladonna,1,2016
"Ben There, Dan That!",23,2017
Besiege,175,2018
Best of Us,1,2018
Betrayer,191,2017
Beyond Gravity,8,2018
Bierzerkers,1,2014
Big Brain Wolf,1,2018
Big Pharma,1,2018
BioShock,15,2018
BioShock 2,17,2016
BioShock 2 Remastered,15,2017
BioShock Infinite,2,2016
BioShock Remastered,68,2014
Bionic Commando Rearmed,1,2016
Black Fire,1,2018
Black Ink,1,2017
Black Mesa,5,2015
Black Mirror,3,2016
Black Rainbow,4,2015
BlackSoul Extended Edition,4,2016
Blackguards,74,2017
Blacklight: Retribution,9,2017
Blacklight: Tango Down,1,2017
Blade Symphony,3,2018
Blake Stone: Planet Strike,1,2015
BlastZone 2,1,2014
BlazBlue: Calamity Trigger,1,2016
BlazBlue: Continuum Shift Extend,2,2014
BlazeRush,2,2016
Blinding Dark,3,2018
Blitzkrieg 3,5,2016
Blob From Space,1,2016
Block N Load,4,2017
Block Story,1,2018
Block'hood,1,2018
Blockland,9,2017
Blocks That Matter,5,2015
Blockscape,5,2017
Blockstorm,3,2018
Blood & Gold: Caribbean!,21,2016
Blood Bowl 2,1,2017
Blood Omen 2: Legacy of Kain,3,2016
Blood of the Werewolf,1,2016
BloodRealm: Battlegrounds,1,2016
Bloodbath Kavkaz,19,2014
Bloodline Champions,1,2014
Bloodwood Reload,6,2018
Bloody Good Time,3,2017
Bloody Trapland,21,2015
Bloop,1,2014
Blue Estate,2,2018
Blue Estate Digital Comic,1,2017
Blue Sheep,1,2014
Blueprint Tycoon,4,2015
Blues and Bullets,4,2018
Blur,3,2014
Bohemian Killing,2,2017
Boid,4,2018
Book of Demons,1,2014
Borderlands 2,3429,2015
Borderlands: The Pre-Sequel,9,2018
Borealis,1,2017
Boring Man - Online Tactical Stickman Combat,3,2018
Boson X,2,2015
Botanicula,1,2018
Braid,6,2016
BrainBread 2,10,2014
Braveland,1,2016
Brawl Busters,5,2018
Breach & Clear,2,2015
Breach & Clear: Deadline,1,2016
Breath of Death VII ,1,2018
Brick-Force,14,2018
Bridge Constructor,68,2016
Bridge Project,14,2018
Brink of Consciousness: Dorian Gray Syndrome,8,2016
Broforce,3,2018
Broken Age,4,2017
Broken Dreams,2,2016
Broken Sword 1 - Shadow of the Templars: Director's Cut,8,2016
Broken Sword 3 - the Sleeping Dragon,1,2018
Broomball,2,2017
Brothers - A Tale of Two Sons,21,2017
Brothers in Arms: Hell's Highway,6,2015
Brütal Legend,2,2015
Build-A-Lot,1,2014
Bulletstorm,3,2014
Bully: Scholarship Edition,11,2018
Bunny Hop League,2,2017
Bunny Must Die! Chelsea and the 7 Devils,1,2015
Burn Zombie Burn,1,2018
Burnout Paradise: The Ultimate Box,36,2018
Burokku Girls,1,2017
Bus Driver,9,2018
CF-3-05 Retopology - Fix & Wrap up,1,2018
CHAOS - In the Darkness,1,2015
CLANNAD,1,2017
CMYW,1,2017
COME TOGETHER: A BEATLES TRIBUTE,1,2016
CS:GO Player Profiles,14,2014
CS:GO Player Profiles:  TaZ - Virtus.Pro,58,2016
CS:GO Player Profiles: Edward - Na'Vi,11,2014
CS:GO Player Profiles: GeT_RiGhT - Ninjas in Pyjamas,4,2018
CS:GO Player Profiles: kennyS - Team Envyus,18,2015
CS:GO Player Profiles: markeloff - Flipsid3,9,2016
CS:GO Player Profiles: n0thing - Cloud9,20,2016
CT Special Forces: Fire for Effect,1,2018
Cabela's African Adventures,1,2016
Cabelas Trophy Bucks,1,2014
CaesarIA,16,2017
Cakewalk Loop Manager,1,2014
Cakewalk Sound Center,1,2018
Calcu-Late,6,2015
Calibre 10 Racing Series,1,2016
Call of Duty 2,1,2016
Call of Duty 4: Modern Warfare,6,2018
Call of Duty: Black Ops,175,2017
Call of Duty: Black Ops - Multiplayer,33,2016
Call of Duty: Black Ops II,13,2017
Call of Duty: Black Ops II - Zombies,5,2016
Call of Duty: Black Ops III,65,2016
Call of Duty: Black Ops III - Awakening DLC Pack,7,2014
Call of Duty: Modern Warfare 2,22,2016
Call of Duty: Modern Warfare 2 - Multiplayer,85,2016
Call of Duty: Modern Warfare 3,15,2015
Call of Duty: Modern Warfare 3 - Multiplayer,2,2015
Call of Duty: United Offensive,6,2015
Call of Duty: World at War,7,2018
Call of Juarez Gunslinger,148,2017
Call of Juarez: The Cartel,23,2014
Call to Arms,25,2014
Camera Obscura,1,2017
CameraBag 2,1,2018
Cannon Brawl,10,2018
Cannons Lasers Rockets,4,2015
Canyon Capers,6,2018
Capsized,1,2015
Caravanserail,1,2018
Card City Nights,3,2017
Card Hunter,9,2014
Cards and Castles,27,2016
Cargo Commander,3,2017
Cargo! - The quest for gravity,9,2014
Carpe Diem,7,2015
Cart Life,3,2017
Cast of the Seven Godsends - Redux,1,2014
Castle Crashers,26,2016
Castle Story,4,2015
CastleMiner Z,16,2015
CastleStorm,2,2017
Castlevania: Lords of Shadow – Mirror of Fate HD,2,2018
Catacomb Kids,6,2015
Catlateral Damage,13,2017
Cave Story+,2,2016
Caveman World: Mountains of Unga Boonga,1,2017
Caverns of the Snow Witch,1,2014
Celia's Quest,1,2017
Champions Online,2,2014
Champions of Regnum,2,2015
Chaos on Deponia,2,2014
Character Creator - Graphics Pack,1,2016
Chaser,15,2016
Cheaters Blackjack 21,1,2016
Chicken Invaders 3,40,2017
Chicken Invaders 4,3,2016
Chicken Invaders 5,1,2016
Chicken Shoot Gold,2,2017
Child of Light,3,2014
Children of the Nile: Alexandria,1,2018
Chime,42,2014
Choice Chamber,1,2018
Choice of Robots,7,2014
Choice of the Deathless,7,2015
Chompy Chomp Chomp,1,2014
Choplifter HD,1,2017
Chroma Squad,6,2015
Chronicle: RuneScape Legends,2,2014
Chronicles of Mystery: The Scorpio Ritual,17,2016
Chronicles of a Dark Lord: Episode 1 Tides of Fate Complete,2,2014
Chronicles of a Dark Lord: Episode II War of The Abyss,1,2014
Chucks Challenge 3D,3,2014
Chunks,1,2015
Chuzzle Deluxe,1,2014
Circuits,2,2014
Cities XL,1,2016
Cities XL 2011,2,2015
Cities XL Platinum,2,2014
Cities in Motion,8,2018
Cities in Motion 2,1,2016
Cities: Skylines,70,2018
City of Steam: Arkadia,1,2018
CivCity: Rome,5,2014
Claire,1,2018
Clandestine,2,2018
Clash of Puppets,1,2016
Clash of the Monsters,3,2017
Clean'Em Up,2,2016
Clicker Heroes,1,2015
Clones,1,2015
Cloney,6,2018
Close Your Eyes,5,2015
Closure,53,2014
Cloud Knights,1,2017
Cloudberry Kingdom,4,2014
Cloudbuilt,1,2014
Clown House (Palyaço Evi),8,2018
Codename CURE,31,2017
Codename: Panzers - Cold War,3,2014
Coffin Dodgers,1,2015
Cogs,3,2015
Coil,1,2017
Colin McRae Rally,1,2015
Collapse,1,2015
Collider,1,2018
Collisions,1,2014
Colonies Online,1,2014
Color Symphony,1,2017
Combat Arms,1,2015
Command and Conquer 3: Kane's Wrath,3,2017
Command and Conquer 3: Tiberium Wars,3,2018
Command and Conquer: Red Alert 3,4,2014
Command and Conquer: Red Alert 3 - Uprising,3,2016
Commander Keen Complete Pack,1,2017
Commander: Conquest of the Americas,5,2016
Commander: Conquest of the Americas Gold,2,2018
Commando Jack,1,2015
Commandos 2: Men of Courage,1,2017
Commandos 3: Destination Berlin,1,2017
Company of Heroes,32,2017
Company of Heroes 2,2,2014
Company of Heroes: Europe at War,1,2016
Company of Heroes: Opposing Fronts,19,2017
Company of Heroes: Tales of Valor,4,2014
Conan the mighty pig,2,2015
Conception II: Children of the Seven Stars,4,2018
Confrontation,78,2014
Conquest of Champions,1,2016
Construction-Simulator 2015,5,2018
Contagion,29,2015
"Cook, Serve, Delicious!",14,2015
Corpse Party,11,2018
Cortex Command,11,2018
CortexGear:AngryDroids,3,2016
Cosmic Dust & Rust,9,2015
Cosmic Trip,1,2017
Cosmophony,1,2016
Cossacks: Back to War,1,2016
Costume Quest,152,2017
Costume Quest 2,1,2015
Counter-Strike,55,2015
Counter-Strike Nexon: Zombies,567,2016
Counter-Strike Nexon: Zombies - Starter Pack,2,2018
Counter-Strike: Condition Zero,77,2014
Counter-Strike: Condition Zero Deleted Scenes,9,2015
Counter-Strike: Source,226,2017
Craft The World,5,2014
Crash Time II,4,2015
Crashlands,1,2014
Crawl,3,2014
Crayon Physics Deluxe,1,2015
Crazy Machines 1.5 Inventors Training Camp,1,2014
Crazy Plant Shop,2,2014
Crazy Steam Bros 2,1,2018
Crazy Taxi,2,2014
Creativerse,51,2014
Creeper World 3: Arc Eternal,73,2016
Crest,1,2015
Crime Secrets: Crimson Lily,1,2014
CrimeCraft GangWars,6,2018
Crimsonland,3,2018
Critical Annihilation,1,2016
Critter Crunch,1,2016
Crow,17,2018
Crowman & Wolfboy,1,2015
Crown and Council,1,2016
Crusader Kings II,34,2017
Crusaders of the Lost Idols,32,2017
Crush Crush,4,2017
Cry of Fear,5,2015
Cryostasis,3,2015
Crypt of the NecroDancer Extended Soundtrack,10,2014
Crysis Warhead,5,2015
Crysis Wars,3,2016
Crystals of Time,1,2017
Cthulhu Saves the World ,3,2016
CubeGun,1,2017
CubeZ,1,2015
Cubic Castles,13,2018
Cubic complex,1,2016
Cubot,1,2016
Cubway,2,2016
Cult of the Wind,1,2017
Cultures - Northland,3,2015
Curse of Mermos,16,2017
Curse of the Crescent Isle DX,1,2015
Cyberpunk 3776,8,2016
Cyborg Detonator,1,2016
DARK,19,2015
DARK SOULS III,19,2015
DARK SOULS™ II,3,2018
DARK SOULS™ II: Scholar of the First Sin,2,2018
DCS World,20,2015
DEFCON,3,2015
DETOUR,1,2014
DLC Quest,55,2014
DOOM 3: BFG Edition,73,2016
DOOM II: Hell on Earth,1,2017
DRAGON BALL XENOVERSE,47,2018
DRAGON: A Game About a Dragon,1,2018
DRAKERZ-Confrontation,1,2014
DUNGEONS - Steam Special Edition,1,2014
DYNASTY WARRIORS 8: Xtreme Legends Complete Edition,4,2015
Daikatana,14,2016
Damned,21,2018
Danganronpa: Trigger Happy Havoc,3,2016
Dark Forester,1,2016
Dark Messiah of Might & Magic Multi-Player,4,2015
Dark Messiah of Might & Magic Single Player,5,2016
Dark Sector,4,2014
Dark Souls: Prepare to Die Edition,1,2017
DarkBase 01,1,2015
DarkMaus,1,2016
DarkStar One,2,2016
Darkest Dungeon,82,2014
Darkest of Days,24,2018
Darkness Assault - Soundtrack,1,2014
Darksiders,6,2016
Darksiders II,11,2017
Darksiders II: Deathinitive Edition,6,2014
Data Jammers: FastForward,1,2014
David.,22,2015
Dawn of Discovery,1,2018
Dawn of Discovery - Venice,4,2018
Day One: Garry's Incident,8,2016
Day of Defeat,3,2014
Day of Defeat: Source,30,2015
Day of Infamy,2,2017
Day of the Tentacle Remastered,1,2014
DayZ,7,2016
Dead Bits,5,2017
Dead Horde,1,2018
Dead Island,26,2016
Dead Island Retro Revenge,1,2014
Dead Island Riptide,27,2018
Dead Island Riptide Definitive Edition,5,2015
Dead Island: Epidemic,25,2014
Dead Man's Draw,1,2017
Dead Realm,9,2018
Dead Rising,7,2017
Dead Rising 3,3,2015
Dead Sky,1,2015
Dead Space,3,2017
Dead State,66,2017
Dead by Daylight,10,2014
Dead6hot,3,2017
DeadCore,2,2014
Deadfall Adventures,1,2014
Deadlight,97,2018
Deadlings - Rotten Edition,1,2015
Deadlock II - Shrine Wars,1,2015
Deadly Premonition: The Director's Cut,1,2014
Deadnaut,1,2016
Deadpool,1,2016
Dear Esther,56,2017
Death Goat,3,2018
Death Ray Manta,6,2017
Death to Spies: Moment of Truth,1,2016
DeathSpank,2,2016
DeathSpank: Thongs Of Virtue,2,2016
Deathless: The City's Thirst,1,2018
Deathmatch Classic,1,2016
Deathtrap Dungeon,4,2017
Decay - The Mare,1,2015
Defend Your Life,12,2016
Defense Technica,5,2015
Defiance,1,2014
Defy Gravity,3,2017
Delta Force: Land Warrior,1,2015
Democracy 3,27,2018
Demolition Company,5,2016
"Demolition, Inc.",4,2014
Demon Hearts,2,2017
Deponia,1,2016
Deponia: The Complete Journey,31,2015
Depth,2,2016
Depth DEV,2,2018
Depth Hunter 2: Deep Dive,29,2015
Descent 2,1,2014
Descent 3,1,2017
Desert Thunder,3,2016
Desktop Dungeons,4,2015
Desperados 2: Cooper’s Revenge,1,2017
Destination Sol,1,2016
"Destiny's Princess: A War Story, A Love Story",1,2018
Detective Case and Clown Bot in: Murder in the Hotel Lisbon,4,2015
Detective Grimoire,1,2017
Dethroned!,17,2014
Deus Ex: Human Revolution,2,2015
Deus Ex: Human Revolution - Director's Cut,89,2017
Deus Ex: Human Revolution - The Missing Link,1,2018
Deus Ex: Invisible War,22,2015
Dev Guy,10,2015
Devil May Cry 4,95,2017
Devilian,4,2016
Devils Share,2,2015
DiRT 2,2,2016
DiRT 3 Complete Edition,2,2017
Diabolical,1,2015
Diaper Dash,1,2014
Dig or Die,7,2014
DinerTown Detective Agency,2,2016
DinerTown Tycoon,1,2018
Dinner Date,4,2017
Dino D-Day,6,2015
Dino Run DX,4,2015
Dinosaur Hunt,1,2014
Directionless,2,2014
Dirty Bomb,56,2017
Disciples II: Rise of the Elves,2,2018
Discouraged Workers TEEN,1,2014
Disillusions Manga Horror,3,2018
Disney Epic Mickey 2,6,2015
Disney Fairies: Tinker Bell's Adventure,1,2015
Disney Infinity 3.0: Play Without Limits,40,2015
Disney Planes,8,2016
Disney's Tangled,1,2017
Dispatcher,7,2017
DisplayFusion,21,2014
Distance,5,2015
Divekick,6,2015
Divided We Fall,4,2017
Divine Souls,1,2016
Divinity: Dragon Commander Beta,1,2018
Divinity: Original Sin (Classic),11,2014
Divinity: Original Sin 2,6,2018
Divinity: Original Sin Enhanced Edition,17,2017
Dizzel,6,2015
Doctor Who: The Adventure Games,1,2014
DogFighter,4,2014
Dogs of War Online - Beta,12,2015
Domestic Dog,3,2016
Dominions 3,1,2018
Dominions 4,2,2017
Don Bradman Cricket 14,1,2018
"Don't Die Dateless, Dummy!",1,2016
Don't Know Yet,1,2014
Don't Starve,38,2016
Don't Starve Together,190,2016
Doom & Destiny,2,2016
Door Kickers,8,2016
Doorways: Prelude,2,2017
Dota 2 Player Profiles: Complexity - zfreek,1,2015
Dota 2 Player Profiles: EG - Suma1L,1,2018
Dota 2 Player Profiles: EHome - ROTKE,14,2016
Dota 2 Player Profiles: Invictus Gaming - Ferrari,1,2017
Dota 2 Player Profiles: MVPHot6 - HEEN,4,2015
Dota 2 Player Profiles: Na'Vi - XBOCT,6,2018
Dota 2 Test,67,2016
Double Action: Boogaloo,7,2017
Double Dragon Neon,8,2018
Double Fine Adventure!: Constipation and Defcon 4,1,2016
Down To One,2,2017
Downpour ,1,2014
Downwell,4,2018
"Dr. Langeskov, The Tiger, and The Terribly Cursed Emerald: A Whirlwind Heist",1,2016
Dracula: Origin,1,2014
Draft Day Sports College Basketball 3,1,2016
Dragon Age II,3,2018
Dragon Age: Origins - Ultimate Edition,8,2016
Dragon Nest,6,2018
Dragon Saga,119,2017
Dragon's Prophet,2,2016
Draw a Stickman: EPIC,1,2014
Draw a Stickman: EPIC 2,1,2017
Dream,5,2015
Dream Pinball 3D,25,2014
DreamLand,1,2014
Dreamfall Chapters,1,2014
Dreamfall: The Longest Journey,1,2017
Driftmoon,1,2014
Droid Assault,10,2016
Dropsy,6,2015
Drunken Robot Pornography,1,2018
Duck Game,5,2015
DuckTales Remastered,54,2015
Duckpocalypse,1,2014
Duke Nukem,1,2016
Duke Nukem 2,7,2018
Duke Nukem 3D: Megaton Edition,23,2018
Duke Nukem Forever,8,2016
Duke Nukem: Manhattan Project,3,2018
Dungeon Dashers,1,2017
Dungeon Defenders,181,2014
Dungeon Defenders Eternity,7,2018
Dungeon Defenders II,59,2015
Dungeon Fighter Online,1,2018
Dungeon Party,8,2014
Dungeon Rushers,1,2015
Dungeon Siege III,1,2018
Dungeon of the Endless,50,2017
Dungeonbowl Knockout Edition,3,2014
Dungeons & Dragons Online®,1,2017
Dungeons 2,1,2014
Dungeons of Dredmor,1,2016
Dust: An Elysian Tail,1,2018
Dustbowl,1,2014
Dustforce,25,2016
Dwarfs!?,2,2014
Dwelvers,1,2017
Dyadic,1,2015
Dynamite Jack,5,2016
Dynasty Warriors 8 - Empires,1,2018
Dysan the Shapeshifter,1,2018
Dystopia,3,2017
Désiré,14,2015
EARTH DEFENSE FORCE 4.1  The Shadow of New Despair,2,2016
EDGE,13,2016
ENSLAVED™: Odyssey to the West™ Premium Edition,7,2017
EPSILON,3,2017
Eador. Masters of the Broken World,1,2014
Earth 2140 HD,9,2015
Earth 2150: Lost Souls,2,2015
Earth 2160,1,2016
Earthworm Jim,1,2017
East India Company Gold,7,2018
East India Company: Privateer,2,2016
Eaten Alive,4,2016
Echelon,1,2017
Echo of Soul,19,2016
Echoes+,1,2015
Eden Star :: Destroy - Build - Protect,1,2016
Edge of Space,557,2015
Edna & Harvey: Harvey's New Eyes,169,2018
Edna & Harvey: The Breakout,2,2014
Eets Munchies,20,2014
Eidolon,2,2016
Elastrix,1,2018
Elder Sign: Omens,1,2016
Eldevin,5,2014
Eldritch,1,2016
Electronic Super Joy,16,2018
Element4l,5,2016
Elements II: Hearts of Light,8,2014
Elisa: The Innkeeper - Prequel,3,2017
Elite Dangerous,5,2016
Elite Dangerous: Arena,27,2015
Else Heart.Break(),1,2017
Elven Assassin,2,2017
Elven Legacy,10,2015
Emergency 2012,3,2017
Emily Wants To Play,1,2015
Emily is Away,13,2018
Empire: Total War,16,2018
Empires Of Creation,1,2015
Empress Of The Deep 2: Song Of The Blue Whale,1,2016
Empyrion - Galactic Survival,2,2014
Enclave,15,2016
Endless Legend,81,2017
Endless Sky,2,2018
Endorlight,2,2014
Enemy,1,2018
Enemy Front,1,2018
Enemy Mind,3,2015
Enforcer: Police Crime Action,5,2015
English Country Tune,22,2017
Enola,37,2016
Enter the Gungeon,35,2017
Entropy,2,2016
Environmental Station Alpha,1,2014
Epic Battle Fantasy 3,18,2017
Epic Battle Fantasy 4,6,2015
Epic Clicker Journey,1,2017
Epic Manager,1,2014
Eron,1,2015
Escape,11,2017
Escape Rosecliff Island,1,2015
Esenthel Engine,7,2017
Eternal Winter,7,2016
Eternity's Child,1,2015
Ether One Redux,2,2014
Etherium,1,2014
Eufloria,4,2018
Eufloria HD,5,2017
Euro Fishing,1,2015
Euro Truck Simulator,2,2015
Euro Truck Simulator 2,29,2015
Europa Universalis III,3,2017
Europa Universalis IV,196,2018
Europa Universalis: Rome - Gold Edition,1,2018
Event[0],2,2015
EverQuest Free-to-Play,34,2017
EverQuest II,1,2015
Everlasting Summer,2,2015
Everyday Shooter,4,2015
Evil Defenders,1,2014
Evil Genius,2,2015
Evil Pumpkin: The Lost Halloween,1,2016
EvilMaze,1,2015
EvilQuest,3,2016
Evo Explores,1,2017
Evoland,4,2014
Evolve Stage 2,65,2018
Evopollution,1,2014
Exanima,2,2016
Executive Assault,2,2014
Expand,1,2018
Experience,1,2015
Explodemon,1,2015
F.E.A.R. 3,1,2014
F.E.A.R. Online,3,2016
F.E.A.R.: Extraction Point,8,2015
F1 2013,3,2015
F1 2015,1,2017
F1 2016,6,2015
FATE,3,2016
FEZ,43,2015
FINAL FANTASY TYPE-0 HD,194,2016
FINAL FANTASY VII,7,2014
FINAL FANTASY VIII,8,2018
FINAL FANTASY X/X-2 HD Remaster,1,2017
FINAL FANTASY XIII-2,7,2018
FIVE: Guardians of David,3,2018
FLOCK!,1,2017
FOTONICA,1,2015
FTL: Faster Than Light,79,2017
FUEL,1,2015
FX Football - The Manager for Every Football Fan,3,2015
Fable - The Lost Chapters,1,2018
Face It - A game to fight inner demons,3,2017
Face Noir,1,2014
Face of Mankind,1,2018
FaceRig,83,2015
Faces of War,2,2014
Factorio,8,2015
Faerie Solitaire,1,2016
Fahrenheit: Indigo Prophecy Remastered,13,2018
Fall of the Titanic,12,2016
Fallen Earth,5,2017
Fallout,1,2017
Fallout 2,53,2014
Fallout 3,2,2017
Fallout 3 - Game of the Year Edition,15,2018
Fallout Tactics,52,2018
Fallout: New Vegas,1,2016
Far Cry,1,2017
Far Cry 2,4,2014
Far Cry 4,66,2015
Far Cry® 3,104,2014
Far Cry® 3 Blood Dragon,38,2015
Farm Frenzy,6,2017
Farm Frenzy 4,1,2014
Farm for your Life,251,2014
Farming 6-in-1 bundle,1,2017
Farming Simulator 15,1,2016
Farming Simulator 2011,2,2017
Farming Simulator 2013,3,2018
Farming Simulator 2013 - Modding Tutorials,5,2015
Fast & Furious: Showdown,1,2015
Fate of the World,2,2015
Fearless Fantasy,1,2014
Feed and Grow: Fish,1,2016
Fibbage XL,3,2018
Fiesta Online NA,5,2015
Fight The Dragon,2,2017
Final DOOM,8,2018
Final Hours of Titanfall,1,2016
Final Hours of Tomb Raider,1,2018
Final Slam 2,1,2016
Finn and Jake's Epic Quest,2,2015
Fire With Fire: Online Tower Attack and Defense,4,2014
Fireburst,3,2016
Firefall,1,2015
Firefly Online Cortex,16,2014
Fireworks Simulator,1,2014
Fishing Craze,1,2018
Fishing Planet,2,2017
Fist Puncher,3,2017
Fistful of Frags,8,2014
Five Nights at Freddy's,57,2016
Five Nights at Freddy's 2,21,2018
Five Nights at Freddy's 4,3,2018
Flame Over,3,2015
FlatOut,18,2014
FlatOut 2,11,2016
FlatOut: Ultimate Carnage,4,2018
Flatout 3,1,2018
Flesh Eaters,5,2016
Flight of the Icarus,1,2014
Flix The Flea,1,2017
Floating Point,2,2017
Flockers,1,2016
Football Manager 2009,1,2014
Football Manager 2011,1,2017
Football Manager 2015,13,2015
Football Manager 2016,4,2015
Football Manager 2017,1,2016
Football Manager Touch 2017,1,2017
Football Superstars,3,2018
Football Tactics,1,2015
Forbidden planet,3,2018
Foreign Legion: Buckets of Blood,1,2016
Foreign Legion: Multi Massacre,3,2017
Foresight,2,2014
Forestry 2017 - The Simulation,3,2014
Forge,3,2016
Forget Me Not: My Organic Garden,1,2014
Forsaken World ,1,2014
Fortify,1,2014
Fortix,1,2017
Fortix 2,12,2015
Fortress Forever,1,2015
FortressCraft Evolved,6,2015
Fortune's Tavern - The Fantasy Tavern Simulator!,1,2015
Foul Play,1,2017
Fractal: Make Blooms Not War,12,2016
Fracture the Flag - Early Access,1,2016
Fran Bow,23,2015
Francisca,1,2018
Freddi Fish 3: The Case of the Stolen Conch Shell,1,2015
Freddi Fish and The Case of the Missing Kelp Seeds,1,2018
Frederic: Resurrection of Music,6,2015
Free to Play,322,2018
Freebie,1,2017
Freedom Force,7,2017
Freedom Force vs. the 3rd Reich,1,2017
Freespace 2,8,2014
FreezeME,1,2016
From Dust,1,2017
From The Depths,2,2014
Front Office Football Seven,1,2017
Front Page Sports Football,1,2015
Frontlines: Fuel of War,7,2015
Frozen Hearth,1,2016
Frozen Synapse,711,2017
Frozen Synapse Prime,2,2015
Fruit Ninja VR,1,2018
Full Bore,6,2014
Full Mojo Rampage,64,2018
Furi,1,2018
Fuse,2,2016
Future Wars,89,2014
G Prime Into The Rain,1,2017
G-Ball,2,2015
G-Force,1,2017
GALAK-Z,6,2018
GASP,1,2017
GEARCRACK Arena,42,2016
GOD EATER 2 Rage Burst,1,2014
GRAV,1,2014
GRID 2,108,2018
GRID Autosport,2,2014
GRIP,47,2018
GT Legends,3,2018
GTGD S1,7,2018
GTR Evolution,4,2014
Galactic Civilizations I: Ultimate Edition,3,2017
Galactic Civilizations II: Ultimate Edition,1,2015
Galaxy Union,1,2018
Galaxy on Fire 2™ Full HD,5,2018
Galcon 2,10,2015
Galcon Legends,3,2015
Game of Thrones - A Telltale Games Series,1,2014
GameGuru,9,2014
GameLoading: Rise of the Indies,1,2017
Gang Beasts,28,2017
Garden Rescue,2,2015
Gare Sapphire Mechs,1,2015
Garry's Mod,5,2017
Gas Guzzlers Extreme,32,2016
Gatling Gears,1,2014
GemCraft - Chasing Shadows,12,2015
Gemini Rue,3,2016
Geneforge 1,1,2016
Genesis Online,2,2015
Gentlemen!,1,2015
Geometry Dash,1,2018
Geometry Wars: Retro Evolved,2,2018
Get Off My Lawn!,72,2015
Ghost 1.0,1,2016
Ghost Master,4,2016
Ghost in the Shell Stand Alone Complex First Assault Online,27,2014
GhostControl Inc.,4,2015
Ghostbusters: Sanctum of Slime,1,2017
Ghostbusters: The Video Game,21,2014
Giana Sisters: Twisted Dreams,1,2018
Giana Sisters: Twisted Dreams - Rise of the Owlverlord,6,2015
Gigantic Army,1,2016
Gish,63,2018
Glass Wing,2,2015
GlassWire,7,2015
Global Agenda,3,2017
Gnomoria,1,2018
Go! Go! Nippon! ~My First Trip to Japan~,2,2017
GoD Factory: Wingmen,3,2018
Goat Simulator,1,2015
God Game : The Odyssey,97,2014
Godfather 2,1,2016
Godot Engine,3,2014
Gods Will Be Watching,12,2014
Godus,29,2015
Godus Wars,7,2015
Gold Rush! Anniversary,2,2017
Golden Rush,2,2018
Golf With Your Friends,2,2017
GooCubelets 2,1,2017
Gotham City Impostors,1,2018
Gotham City Impostors: Free To Play,51,2017
Governor of Poker 2: Premium Edition,1,2016
Governor of Poker 3,20,2014
Grand Chase,6,2014
Grand Designer,2,2016
Grand Theft Auto,20,2017
Grand Theft Auto 2,33,2015
Grand Theft Auto: Episodes from Liberty City,81,2016
Grand Theft Auto: Vice City,16,2015
Gratuitous Space Battles,7,2015
Gratuitous Tank Battles,122,2014
GravBlocks,1,2015
Gravi,1,2018
Gravity Badgers,2,2018
Gravity Ghost,1,2015
Greed Corp,28,2014
Gremlin Invasion: Survivor,1,2015
Grey Goo,6,2014
Grid Masters,1,2014
GridRunner Revolution,1,2015
Gridworld,7,2016
Grim Dawn,1,2017
Grim Fandango Remastered,2,2014
Grim Legends 2: Song of the Dark Swan,1,2017
Grimind,1,2014
Grow Home,2,2014
Grow Up,4,2016
Guacamelee! Gold Edition,1,2017
Guacamelee! Super Turbo Championship Edition,3,2014
Guardians of Graxia,1,2015
Guardians of Middle-earth,3,2017
Guardians of Victoria,42,2017
Guild of Dungeoneering,6,2014
Guise Of The Wolf,2,2015
Gumboy Crazy Features,3,2014
Gumboy Tournament,6,2015
Gumboy: Crazy Adventures,12,2018
Gun Bombers,1,2015
Gun Monkeys,27,2018
Gun Rocket,2,2018
GunZ 2: The Second Duel,46,2017
Guncraft,1,2017
GundeadliGne,2,2016
Gunman Clive,3,2018
Gunman Clive 2,1,2015
Gunpoint,1,2016
Guns and Robots,5,2014
Gunscape,8,2018
Gyromancer,1,2015
H-Hour: World's Elite,3,2017
H1Z1: Just Survive Test Server,6,2018
H1Z1: King of the Kill,22,2015
H1Z1: King of the Kill Test Server,17,2015
HAWKEN,10,2014
HELLDIVERS™,92,2016
HEX: Shards of Fate,1,2017
HIS (Heroes In the Sky),1,2018
HITMAN™,6,2016
HOARD,3,2018
HOMEFRONT Demo,2,2016
Habitat,1,2018
Hack 'n' Slash,3,2014
Hacker Evolution,2,2018
Hacker Evolution - Untold,2,2017
Hacknet,1,2018
Haegemonia: The Solon Heritage,4,2014
Hail to the King: Deathbat,2,2015
Half Minute Hero: The Second Coming,37,2016
Half dead,13,2014
Half-Life,60,2017
Half-Life 2,5,2017
Half-Life 2: Deathmatch,205,2016
Half-Life 2: Episode One,1,2018
Half-Life 2: Episode Two,102,2018
Half-Life 2: Lost Coast,12,2016
Half-Life 2: Update,1,2018
Half-Life Deathmatch: Source,11,2018
Half-Life: Blue Shift,5,2015
Half-Life: Opposing Force,3,2016
Half-Life: Source,1,2014
Halo: Spartan Strike,2,2014
Hammer Heads Deluxe,1,2015
Hammerfight,16,2014
Hammerwatch,11,2016
Happy Wars,83,2018
Hard Room,2,2017
Hard West,43,2016
Harvest: Massive Encounter,1,2018
Hatoful Boyfriend,28,2015
Hatoful Boyfriend: Holiday Star,4,2017
Hatred,2,2016
Haunt the House: Terrortown,18,2018
Haunted Memories,4,2015
Haunted Past: Realm of Ghosts,1,2017
Hawken - All the Thrusters Pack,1,2017
HeXen II,2,2014
Headcrab Frenzy!,3,2015
Hearts of Iron IV,1,2016
Heaven Island - VR MMO,4,2017
Heavenstrike Rivals®,3,2014
Heavy Fire: Shattered Spear,1,2014
Hector: Ep 1,1,2015
Hector: Ep 3,3,2015
Hegemony Gold: Wars of Ancient Greece,1,2018
Hegemony Rome: The Rise of Caesar,21,2017
Hegemony: Philip of Macedon,2,2014
Heliborne,1,2017
Helicopter Simulator 2014: Search and Rescue,1,2015
Hell Yeah!,5,2015
Her Story,1,2015
Hero Academy,9,2014
Hero Zero,1,2014
Hero and Daughter+,1,2016
Hero of Many,1,2014
Hero of the Kingdom,8,2015
Hero of the Kingdom II,1,2016
Heroes & Generals,26,2017
Heroes Never Lose: Professor Puzzler's Perplexing Ploy,1,2014
Heroes Rise: The Prodigy,2,2015
Heroes of SoulCraft,26,2017
Hexcells,1,2017
Hexcells Infinite,15,2017
Hexcells Plus,3,2017
Highland Warriors,1,2017
Higurashi When They Cry - Ch.1 Onikakushi,23,2014
Hitman: Absolution,1,2016
Hitman: Codename 47,21,2015
Hitman: Contracts,8,2015
Hitman: Sniper Challenge,86,2016
HoD: A pirate adventure,10,2018
Hollywood Visionary,9,2017
Holodrive,1,2014
Holy Avatar vs. Maidens of the Dead,1,2018
Holy Potatoes! A Weapon Shop?!,20,2018
Home is Where One Starts...,1,2017
Homefront,7,2016
Horizon,2,2016
Horizon Shift,56,2018
Horror in the Asylum,1,2016
Hospital Tycoon,3,2014
Hostile Waters: Antaeus Rising,2,2014
Hot Dish,1,2018
"Hot Dogs, Horseshoes & Hand Grenades",3,2014
Hotel Giant 2,1,2016
Hotline Miami,81,2016
"House of 1,000 Doors - Family Secrets",2,2018
House of 1000 Doors: The Palm of Zoroaster Collector's Edition,1,2017
Hoven the Sages Spinel,3,2017
Hover Junkers,1,2014
How to Survive 2,3,2016
Human Resource Machine,15,2018
Humanity Asset,2,2018
HunieCam Studio,1,2014
HuniePop,22,2014
Hunted: The Demon's Forge,1,2018
Hunters Of The Dead,1,2017
Hustle Cat,1,2016
Hydrophobia: Prophecy,1,2014
Hyper Light Drifter,16,2014
HyperRogue,15,2018
Hyperdimension Neptunia Re;Birth1,1,2018
Hyperdimension Neptunia U: Action Unleashed,1,2018
Hyperspace Invaders II: Pixel Edition,2,2018
I Am Vegend,22,2015
I Get This Call Every Day,4,2018
"I Have No Mouth, and I Must Scream",1,2015
"I, Zombie",25,2017
IL-2 Sturmovik: 1946,2,2014
INK,1,2015
INSIDE,20,2016
IRFaceRig,3,2018
Ice Age™: Continental Drift: Arctic Games,1,2014
Icewind Dale: Enhanced Edition,1,2017
Idling to Rule the Gods,31,2017
Iggy's Egg Adventure,1,2015
Ihf Handball Challenge 12,1,2014
Imperium Romanum: Gold Edition,1,2016
Impire,1,2018
In Between,2,2016
In Space We Brawl,1,2017
InFlux,1,2017
InMind VR,2,2015
Incoming Forces,12,2015
Incredipede,1,2017
Indie Game Battle,3,2018
Indie Game: The Movie,13,2016
Indigo Prophecy,1,2016
Infected: The Twin Vaccine - Collector's Edition,1,2015
Infectonator : Survivors,1,2014
Infernal,1,2014
Infinifactory,2,2016
Infinite Crisis™,2,2018
Infinity Wars - Animated Trading Card Game,116,2018
Injustice: Gods Among Us Ultimate Edition,2,2016
Inquisitor,23,2017
Insaniquarium! Deluxe,1,2016
Insanity Clicker,1,2017
Inside: Before Birth,1,2018
Insincere,1,2015
Instant Dungeon!,1,2017
Interloper,2,2018
Interstellar Marines,9,2014
Interstellar Rift,3,2016
Into The War,3,2017
Intrusion 2,1,2016
Invasion,26,2015
Inverted,1,2015
Invisible Apartment,5,2016
"Invisible, Inc.",2,2016
Ionball 2 : Ionstorm,3,2015
Iron Brigade,4,2014
Iron Front : Liberation 1944,2,2017
Iron Sky Invasion,4,2014
Iron Snout,1,2014
Iron Warriors: T-72 Tank Command,7,2016
Ironclad Tactics,3,2018
Ironclads: High Seas,1,2017
It's A Wipe!,2,2015
ItzaBitza,2,2014
J.U.L.I.A.: Among the Stars,14,2014
JDM Tuner Racing,1,2017
Jack Orlando Director's Cut,1,2016
Jade Empire: Special Edition,2,2018
Jagged Alliance 2: Gold Pack,5,2018
Jagged Alliance Online CAMPAIGN PACK: Shadow Edition,2,2016
Jalopy,17,2016
Jamestown,1,2014
Jane's Advanced Strike Fighters,2,2017
Jesus Christ RPG Trilogy,1,2017
Jet Racing Extreme,1,2016
Jet Set Radio,5,2018
Jets'n'Guns Gold,2,2016
Joe Danger 2: The Movie,58,2015
Joe Dever's Lone Wolf HD Remastered,1,2018
Joe's Diner,7,2017
Joint Task Force,4,2017
Jolly Rover,4,2017
Jotun,1,2018
Journey To The Center Of The Earth,1,2015
Juiced 2: Hot Import Nights,1,2014
Jump,1,2018
JumpJet Rex,5,2015
Jurassic Park: The Game,2,2014
Just Cause,1657,2015
Just Cause 2,33,2017
Just Cause 3,56,2018
Just Deserts,2,2014
KAMI,1,2014
KRUM - Edge Of Darkness,1,2014
KWAAN,1,2016
Kaiju-A-GoGo,4,2016
Kane & Lynch 2: Dog Days,1,2016
Kane & Lynch: Dead Men,1,2015
Kanji Training Game,1,2016
Karaski: What Goes Up...,1,2016
Karos,4,2016
Keep Talking and Nobody Explodes,8,2015
Kelvin and the Infamous Machine,1,2018
Kenshi,1,2018
Kentucky Route Zero,3,2016
Kerbal Space Program,121,2018
Khimera: Destroy All Monster Girls,1,2016
Kiai Resonance,1,2014
KickBeat Steam Edition,4,2018
Kill The Bad Guy,3,2018
Killer is Dead,253,2016
Killing Floor,6,2014
Killing Floor - Toy Master,124,2014
Killing Floor 2,79,2015
Killing Floor 2 - SDK,116,2014
Killing Floor Mod: Defence Alliance 2,321,2014
Killing Floor: Uncovered,4,2018
Kindred Spirits on the Roof Drama CD Vol.1,1,2014
Kindred Spirits on the Roof Drama CD Vol.2,1,2017
King Arthur - The Role-playing Wargame,4,2016
King Arthur II - The Role-playing Wargame,1,2014
King Arthur's Gold,10,2015
King of Dragon Pass,1,2018
King's Bounty: Armored Princess,4,2015
King's Bounty: Crossworlds,1,2016
King's Bounty: The Legend,1,2014
King's Bounty: Warriors of the North,1,2018
Kingdom Rush,1,2014
Kingdom Tales 2,1,2015
Kingdom: Classic,14,2016
Kingdom: New Lands,13,2015
Kingdoms CCG,2,2014
Kingdoms of Amalur: Reckoning™,3,2016
Kitty Powers' Matchmaker,3,2016
"Kivi, Toilet and Shotgun",8,2017
Knee Deep,3,2015
Knight Online,1,2017
Knight Squad,6,2015
KnightShift,4,2015
Knightmare Tower,6,2016
Knights and Merchants,5,2018
Knights of Pen and Paper 2,2,2014
Knock-knock,2,2017
Kohan: Ahriman's Gift,2,2017
Konung 3: Ties of the Dynasty,1,2018
Krater,2,2015
Kraven Manor,1,2015
Ku: Shroud of the Morrigan,1,2014
Kung Fury,4,2014
Kuros,1,2014
L U N E,1,2015
L.A. Noire,15,2015
LASTFIGHT,1,2014
LEGO Batman 2,39,2017
LEGO® Batman™ 3: Beyond Gotham,4,2014
LEGO® MARVEL Super Heroes,10,2017
LEGO® STAR WARS™: The Force Awakens,2,2017
LEGO® The Hobbit™,1,2018
LEGO® The Lord of the Rings™,3,2014
LISA,3,2015
LUDWIG,4,2015
La Tale,6,2014
Labyronia RPG,6,2018
Labyronia RPG 2,76,2015
Lambda Wars Beta,43,2014
Lambda Wars Dedicated Server,18,2017
Lamia Must Die,2,2014
Landmark,1,2018
Lara Croft and the Temple of Osiris,19,2016
Last Dream,2,2017
Last Hope - Tower Defense,1,2014
Last Horizon,1,2015
Last Inua,1,2015
LawBreakers,2,2017
Layers of Fear,1,2017
Lead and Gold - Gangs of the Wild West,2,2015
Left 4 Dead,6,2014
Left 4 Dead 2 Beta,722,2014
Left Alone,1,2015
Left in the Dark: No One on Board,2,2014
Legacy of Dorn: Herald of Oblivion,2,2014
Legacy of Kain: Defiance,12,2015
Legacy of Kain: Soul Reaver 2,1,2015
Legend of Dungeon: Masters,2,2016
Legend of Grimrock,1,2017
Legend of Grimrock 2,1,2014
Legend of Kay Anniversary,2,2017
Legend of Mysteria,8,2014
Legendary,11,2018
Legends of Dawn,2,2016
Lego Indiana Jones 2,1,2014
Leisure Suit Larry in the Land of the Lounge Lizards: Reloaded,1,2017
Lemma,1,2014
Let's Explore The Farm (Junior Field Trips),1,2016
Leviathan: The Last Day of the Decade,1,2014
LiEat,2,2018
Life Is Strange™,13,2016
Life Is Strange™ - Directors' Commentary - 1.Two directors,35,2014
Life Is Strange™ - Directors' Commentary - 2. Let's play Life is Strange,18,2015
Life Is Strange™ - Directors' Commentary - 3. Intentions,9,2014
Life is Feudal: Forest Village,10,2016
Life is Feudal: Your Own,3,2018
Life of Pixel,1,2017
Lifeless Planet,4,2017
Light,1,2014
Lili: Child of Geos,1,2015
Lilly and Sasha: Curse of the Immortals,2,2017
Lilly and Sasha: Guardian Angels,1,2014
Lilly and Sasha: Nexus of Souls,2,2016
"Linea, the Game",1,2017
Liquid Rhythm,1,2016
Little Inferno,57,2018
Little Racers STREET,2,2016
Livelock,6,2015
Living Legends: The Frozen Fear Collection,1,2018
Loadout,85,2018
Loadout Campaign Beta,8,2015
Loadout Steam Launch Starter Pack,1,2018
Locked-in syndrome,1,2014
LocoCycle,2,2014
LogicBots,1,2018
Lone Survivor: The Director's Cut,1,2015
Long Live The Queen,26,2016
Loot or Die,1,2018
Lords Of The Fallen,3,2018
Lords of the Realm,1,2016
Loren The Amazon Princess,2,2014
Lost Chronicles of Zerzura,1,2018
Lost Planet 2,2,2017
Lost Planet: Extreme Condition - Colonies Edition,1,2017
Lost Saga North America,1,2018
Lost girl`s [diary],1,2017
Lost in a Forest,1,2016
Love,9,2016
Lovely Planet,9,2015
Lovely Weather We're Having,1,2017
Lovers in a Dangerous Spacetime,5,2017
Lowglow,2,2018
Lucid,4,2018
Lucid Awakening 2,1,2018
Lucid9,11,2014
Lucius II,100,2014
LuckCatchers,1,2015
Lugaru HD ,1,2018
Luna's Wandering Stars,137,2017
Lunar Flight,6,2016
Lunch Truck Tycoon,1,2017
Luxor 2 HD,1,2014
Luxor Evolved,1,2016
MAGIX PC Check & Tuning 2015,1,2015
MAV,7,2016
MDK 2,1,2018
METAL GEAR RISING: REVENGEANCE,13,2015
METAL GEAR SOLID V: GROUND ZEROES,943,2014
METAL SLUG 3,22,2018
MEVO & the Grooveriders,2,2015
MUD - FIM Motocross World Championship™,1,2017
MURDERED: SOUL SUSPECT™,2,2018
MX vs. ATV Reflex,7,2018
MXGP - The Official Motocross Videogame,1,2014
Mabinogi,21,2016
MacGuffin's Curse,1,2014
Machinarium,27,2016
Mactabilis,4,2015
Mad Combat Marines,1,2016
MadOut Open City,5,2016
Madballs in...Babo: Invasion,5,2015
Magdalena,1,2015
Magic 2014 ,1,2016
Magic 2015,5,2016
Magic Barrage - Bitferno,3,2017
Magic Duels,1,2017
Magic: The Gathering – Tactics,2,2017
Magic: The Gathering — Duels of the Planeswalkers 2012,3,2014
Magical Diary,12,2016
Magicite,1,2014
Magicka,369,2018
Magicka 2: Spell Balance Beta,12,2015
Magicka: Wizard Wars,28,2014
Magma Tsunami,1,2014
Magnetic By Nature,1,2015
Magnetic: Cage Closed,2,2014
Magnetis,3,2017
Magnifico,1,2018
Mahjong Pretty Girls Battle : School Girls Edition,6,2018
Maia,14,2018
Majesty 2 Collection,1,2018
Majesty: Gold Edition,5,2018
Major League Baseball 2K9,1,2016
Major Stryker,1,2018
Make it indie!,1,2017
Making History: The Calm & The Storm,1,2014
Making History: The Great War,3,2016
Man in a Maze: Deathmatch,2,2016
Manhunt,5,2016
MapleStory,199,2014
Marble Mayhem: Fragile Ball,4,2017
Marc Eckō's Getting Up: Contents Under Pressure,1,2018
Marine Sharpshooter II: Jungle Warfare,1,2014
Mark of the Ninja,3,2014
Marlow Briggs,1,2015
Marvel Heroes 2016,1,2015
Mass Effect,23,2015
Mass Effect 2,1,2014
Master of Orion 1,1,2017
Mathoria: It All Adds Up,1,2014
Max Gentlemen,28,2015
Max Payne,3,2018
Max Payne (FR),1,2014
Max Payne 2: The Fall of Max Payne,8,2015
Max Payne 3,4,2017
Max and the Magic Marker,1,2018
MaximumVR Demo,1,2016
Mayjasmine episode01 What is God? 五月茉莉,1,2016
McPixel,31,2018
MechWarrior Online,31,2017
Medal of Honor(TM) Multiplayer,9,2016
Medal of Honor(TM) Single Player,51,2015
Medieval Blocks - Substance Designer Tutorial - Part 2: Basics,1,2014
Medieval Engineers,12,2014
Medieval II: Total War,15,2015
Medieval Mercs,1,2014
Medusa's Labyrinth,3,2015
Mega Man Legacy Collection,2,2018
Melissa K. and the Heart of Gold Collector's Edition,2,2014
Melody's Escape,3,2017
Memento Mori 2,1,2018
Memoria,8,2018
Memories of a Vagabond,1,2015
Memory Oblivion Box,1,2017
Men of War,5,2015
Men of War: Assault Squad,2,2015
Men of War: Assault Squad 2,2,2018
Men of War: Condemned Heroes,1,2014
Men of War: Red Tide,4,2016
Mercenary Kings,1,2017
Meridian: Squad 22,1,2017
MetaHuman Inc.,1,2014
Metal Assault,2,2015
Metal Dead,1,2014
Metal Gear Solid Legacy,13,2017
Metal Reaper Online,7,2015
Metal War Online: Retribution,11,2018
Metro 2033,40,2017
Metro: Last Light,103,2015
Metrocide,3,2015
Microsoft Flight Simulator X: Steam Edition,2,2017
Middle-earth: Shadow of Mordor,18,2016
Might & Magic Heroes Online,1,2015
Might & Magic X - Legacy ,10,2017
Might & Magic: Clash of Heroes,1,2014
Might & Magic: Duel of Champions,1,2017
Millennium 3 - Cry Wolf,1,2014
Millionaire Manor,1,2018
Mind Snares: Alice's Journey,2,2017
Mindless Running,1,2017
Miner Wars Arena ,1,2015
Mini Attack Submarine,1,2018
Mini Ninjas,3,2014
Minimum,2,2017
Mining Industry,1,2017
MirrorMoon EP,8,2014
Missing Translation,2,2015
Mitos.is: The Game,1,2015
Mitsurugi Kamui Hikae,30,2016
MoW: Face Off M,13,2015
Modbox,3,2016
Moirai,22,2016
Momodora III,1,2017
Monaco,29,2016
Monday Night Combat,64,2018
Monkey Island 2: Special Edition,1,2016
Monopoly,7,2016
Monstrum ,11,2014
Moon Breakers,1,2018
MoonBase Commander,1,2018
Moonbase 332,1,2015
Moonbase Alpha,2,2018
Moonchild,1,2014
Moonlight Minions,1,2014
Moonrise,7,2017
Mortal Kombat Kollection,1,2015
Mortal Kombat Komplete Edition,3,2018
Mortal Kombat X,39,2014
Mortal Kombat: Legacy,246,2017
Mortal Kombat: Legacy II: Kenshi's Origin,1,2016
Mortal Kombat: Legacy II: Reunited in Macau,1,2017
Mortal Kombat: Legacy II: Scorpion and Sub-Zero (Part 1),4,2015
Mortal Kombat: Legacy II: The Fall of Liu Kang,2,2015
"Mortal Kombat: Legacy: Jax, Sonya and Kano (Part 2)",8,2015
Mortal Kombat: Legacy: Johnny Cage,10,2016
Mortal Kombat: Legacy: Kitana & Mileena (Part 1),16,2015
Mortal Kombat: Legacy: Kitana & Mileena (Part 2),28,2017
Mortal Kombat: Legacy: Raiden,1,2014
Mortal Online,5,2015
MotoGP™15,1,2017
MotorSport Revolution,1,2015
Motorama,1,2015
Mount & Blade: Warband,11,2014
Mount & Blade: With Fire and Sword,9,2014
Mount Your Friends,1,2017
Mountain,3,2018
Move or Die,3,2014
Mu Complex,1,2017
Murder Miners,3,2014
Mushroom Men: Truffle Trouble ,2,2015
Music Creator 6 Touch,3,2017
My Bones,5,2016
My Lands,18,2018
My Riding Stables: Life with Horses,9,2014
Myths Of Orion,1,2014
NAM,3,2018
NARUTO SHIPPUDEN: Ultimate Ninja STORM 3 Full Burst,2,2018
NARUTO SHIPPUDEN: Ultimate Ninja STORM 4,2,2016
NARUTO SHIPPUDEN: Ultimate Ninja STORM Revolution,5,2018
NASCAR '14,2,2017
NBA 2K10,6,2016
NBA 2K11,1,2016
NBA 2K13,1,2015
NBA 2K14,4,2016
NBA 2K15,1,2014
NBA 2K17,1,2015
NEED FOR MADNESS ?,42,2017
NEKOPALIVE,1,2016
NEKOPARA Vol. 0,1,2015
NEO Scavenger,136,2014
NEOTOKYO°,12,2014
NEStalgia,4,2014
NO THING,2,2015
NOBUNAGA'S AMBITION: Souzou SengokuRisshiden,1,2016
NOBUNAGA'S AMBITION: Sphere of Influence,3,2015
NOT A HERO,27,2014
NVIDIA® VR Funhouse,1,2016
Nail'd,15,2017
Nancy Drew: The Phantom of Venice,1,2017
Napoleon: Total War,2,2014
Narcissu 10th Anniversary Anthology Project,1,2015
Narcissu 1st & 2nd,1,2018
Naval Warfare,2,2015
Navy Field 2 : Conqueror of the Ocean,5,2014
Nearwood - Collector's Edition,2,2018
Nebula Online,3,2015
NecroVisioN,8,2015
NecroVisioN: Lost Company,8,2016
Necropolis,1,2018
Need for Speed: SHIFT,1,2017
Neighbours from Hell,29,2017
Nelly Cootalot: The Fowl Fleet,1,2016
Neon Space,3,2015
Neon Space 2,4,2016
Nether,2,2014
Neverwinter,4,2015
New kind of adventure,1,2014
Next Car Game: Wreckfest,8,2016
Nexuiz STUPID Mode,1,2014
NiGHTS into Dreams...,51,2017
Niche - a genetics survival game,5,2018
Nicolas Eymerich The Inquisitor Book II : The Village,1,2016
Nicole (otome version),1,2016
Night Mysteries: The Amphora Prisoner - Official Soundtrack,1,2017
Nightbanes,1,2018
Nightfall: Escape,1,2014
Nightmare Code,1,2017
Nightside,1,2015
Nihilumbra,8,2017
Nikopol: Secrets of the Immortals,1,2015
Nimble Quest,7,2018
Ninja Reflex: Steamworks Edition,7,2018
No More Room in Hell,98,2014
No One But You,1,2018
No Time To Explain Remastered,17,2016
No Time to Explain,64,2016
Noir Syndrome,1,2014
Nom Nom Galaxy,4,2016
Nomad,2,2018
Northmark: Hour of the Wolf,1,2015
Nosferatu: The Wrath of Malachi,2,2017
Nuclear Dawn,9,2016
Nuclear Throne,3,2018
Numen: Contest of Heroes,2,2015
O.R.B.,3,2015
OBEY,4,2017
OMG Zombies!,3,2016
ONE PIECE PIRATE WARRIORS 3,4,2014
OPUS: The Day We Found Earth,1,2017
ORION,30,2014
ORION: Prelude,2,2014
OTTTD,1,2016
Obliteracers,1,2017
Oblivious Garden ~Carmina Burana,1,2016
Obscure 2,1,2017
Obulis,16,2015
Oddworld: Abe's Exoddus,18,2018
Oddworld: New 'n' Tasty,1,2017
Oddworld: Stranger's Wrath HD,2,2017
Odysseus: Long Way Home,1,2015
Of Guards And Thieves,8,2017
Office Battle,2,2015
Offspring Fling!,1,2018
Offworld Trading Company,1,2016
Oh...Sir!,47,2016
Oil Rush,2,2016
OlliOlli,4,2016
Omega Agent,1,2015
Omerta - City of Gangsters,1,2016
Omerta - The Japanese Incentive,1,2016
"On the Rain-Slick Precipice of Darkness, Episode Two",10,2014
"Once Bitten, Twice Dead",1,2018
One Finger Death Punch,3,2014
One Manga Day,1,2017
One Troll Army,8,2018
One Way Heroics,10,2018
Oniken,1,2016
Onimusha 3: Demon Siege,55,2014
Only If,2,2015
Operation Flashpoint: Dragon Rising,3,2016
Operation Flashpoint: Red River,33,2016
Orbit HD,1,2016
Orbital Gear,6,2015
Orcs Must Die!,1,2016
Order of War,2,2017
Ori and the Blind Forest,107,2018
Osmos,34,2014
Our Darker Purpose,1,2018
Our Nation's Miner,1,2015
Out There Somewhere,35,2016
Out There: Ω Edition,5,2017
Out of Ammo,1,2016
OutRun 2006: Coast 2 Coast,1,2018
Outland,1,2014
Outlast,1,2016
Outrage,3,2015
Over 9000 Zombies!,1,2018
Over the Dream,1,2015
Overclocked: A History of Violence,2,2016
Overpower,1,2014
Oxenfree,1,2014
P-3 Biotic,1,2014
PAC-MAN Championship Edition DX+,6,2016
PAC-MAN™ CHAMPIONSHIP EDITION 2,2,2017
PARTICLE MACE,18,2016
PAYDAY 2,26,2018
PAYDAY: The Heist,1,2015
PAYDAY: The Web Series: Hector,6,2014
PAYDAY: The Web Series: The Elephant,5,2016
PAYDAY: The Web Series: The Vault,1,2016
PRiO,1,2015
PULSAR: Lost Colony,1,2015
PWI,1,2015
Padak,1,2016
Paddle Up,1,2017
Painkiller Hell & Damnation,1,2018
Painkiller Overdose,6,2015
Painkiller: Black Edition,15,2014
Painkiller: Recurring Evil,2,2015
Painkiller: Redemption,7,2017
Painkiller: Resurrection,2,2017
Paint it Back,1,2018
Pajama Sam 2: Thunder and Lightning Aren't So Frightening,1,2018
Pajama Sam: Games to Play on Any Day,3,2018
Paladins,37,2014
Pale Echoes,2,2018
Pandora: First Contact,1,2016
Panzar,5,2017
Panzermadels: Tank Dating Simulator,1,2016
Paper Dungeons,12,2014
Paper Monsters Recut,1,2016
"Papers, Please",38,2014
Papo & Yo,154,2017
Parallax,1,2018
Paranautical Activity: Deluxe Atonement Edition,86,2014
Paranormal,1,2014
Paranormal State: Poison Spring Collector's Edition,3,2014
Parcel,4,2016
Particula,11,2015
Particulars,1,2017
Party Hard,1,2018
Passing Pineview Forest,6,2018
Path of Exile,1,2018
Patrician III,1,2018
Patterns,5,2017
Peggle Extreme,258,2018
Peggle Nights,4,2018
Penarium,4,2014
Penguins Arena: Sedna's World,2,2016
Penny Arcade's On the Rain-Slick Precipice of Darkness 3,1,2015
Penny Arcade's On the Rain-Slick Precipice of Darkness 4,4,2018
Penumbra: Black Plague,1,2014
Penumbra: Necrologue,227,2016
Penumbra: Overture,4,2017
Perils of Man,1,2018
Petz Catz 2,2,2018
Petz Dogz 2,1,2017
Phantasmal,3,2018
Phantom Breaker: Battle Grounds,1,2017
Phoenix Force,29,2016
Pillars of Eternity,1,2018
Pinball Arcade,6,2016
Pinga Ponga,1,2015
Pink Hour,2,2018
Pirates of Black Cove Gold,1,2014
"Pirates, Vikings, & Knights II",3,2017
Pitiri 1977,1,2017
Pix the Cat,6,2014
Pixel Boy and the Ever Expanding Dungeon,1,2014
Pixel Piracy,4,2014
Pixel Puzzles Ultimate,1,2014
Pixel Puzzles: Japan,1,2017
PixelJunk Eden,2,2015
PixelJunk™ Monsters Ultimate,9,2014
PixelJunk™ Shooter,3,2018
PixelJunk™ Shooter Ultimate,2,2015
Planar Conquest,2,2018
Planet Centauri,1,2016
Planet Explorers,22,2018
Planet R-12,1,2018
Planet of the Eyes,1,2017
PlanetSide 2,35,2016
Planetary Annihilation,2,2014
Planetary Annihilation: TITANS,4,2016
Planetbase,22,2016
Planets Under Attack,1,2015
Plants vs. Zombies: Game of the Year,2,2016
Plastic Playground,1,2016
Plastiland,1,2015
Plates,1,2018
Platformines,1,2017
Platypus II,1,2017
"Please, Don’t Touch Anything",2,2014
Plug & Play,1,2014
Poi,1,2015
Poker Night 2,2,2015
Poker Night at the Inventory,2,2016
Polarity,2,2015
Pole Position 2012,1,2016
Pony World 3,1,2017
Pool Nation FX,2,2014
Port of Call,4,2016
Portal,15,2018
Portal 2,4,2015
Portal 2 - The Final Hours,3,2018
Portal 2 Sixense Perceptual Pack,2,2016
Portal Knights,3,2015
Portal Stories: Mel,4,2015
Post Master ,2,2015
Post Mortem,3,2014
Pox Nora,1,2014
Praetorians,4,2015
Premium Pool,3,2015
Prey,3,2015
Pride of Nations,1,2018
Primal Carnage: Extinction,61,2016
Prime World,4,2014
Prime World: Defenders,4,2015
Prince of Persia,4,2014
Prince of Persia: The Forgotten Sands,1,2015
Prince of Persia: The Sands of Time,6,2017
Prince of Persia: Warrior Within,4,2018
Princess Isabella,1,2018
Princess Remedy in a World of Hurt,2,2014
Prison Architect,2,2017
Pro Cycling Manager 2012,1,2016
Pro Cycling Manager 2015,3,2015
Pro Cycling Manager Season 2009,1,2015
Pro Evolution Soccer 2016,5,2015
Pro Evolution Soccer 2017,1,2015
Pro Gamer Manager,1,2016
Pro Rugby Manager 2015,1,2014
Probably Archery,12,2016
Project AURA,1,2017
Project Explore,1,2015
Project Highrise,1,2017
Project Starship,2,2017
Project X,1,2018
Project Zomboid,17,2015
Project: Snowblind,18,2018
Projector Face,1,2015
Proteus,1,2017
ProtoGalaxy,2,2015
Proton Pulse,1,2017
Psycho Starship Rampage,1,2016
Psychonauts,13,2017
Puddle,5,2018
Pulstar,1,2015
Pump-Action Captain,1,2017
Push Me Pull You,1,2017
Putt-Putt Enters the Race,1,2016
Putt-Putt Joins the Circus,1,2014
Putt-Putt Saves the Zoo,1,2016
Puzzle Agent,1,2017
Puzzle Bots,10,2015
Puzzle Dimension,9,2014
Puzzle Pirates,2,2014
Puzzle Quest: Galactrix,1,2017
Puzzler World ,1,2018
Pyramid Raid,3,2014
Q.U.B.E: Director's Cut,1,2016
QbQbQb,1,2016
Quake,3,2016
Quake 4,3,2016
Quake II,3,2017
Quake II: The Reckoning,1,2014
Quake III Arena,6,2016
Quake Live,48,2014
Quake Mission Pack 2: Dissolution of Eternity,1,2014
Quantum Conundrum,7,2015
Quest for Glory Collection,2,2018
Quest of Dungeons,1,2016
QuestEvent,1,2014
QuestRun,1,2014
Quintet,4,2015
Quiplash,1,2014
Qvadriga,1,2015
R.O.O.T.S,1,2015
R.U.S.E,43,2015
RACE 07: Andy Priaulx Crowne Plaza Raceway,35,2015
RADical ROACH Deluxe Edition,1,2014
RAGE,39,2014
RAW - Realms of Ancient War,1,2017
REVOLVER360 RE:ACTOR,5,2018
RIFT,6,2018
RIP 2: Strike Back,8,2016
RISK Factions,2,2015
RIVE,1,2017
ROCKETSROCKETSROCKETS,3,2016
ROD: Revolt Of Defense,1,2015
ROSE Online,135,2015
RPG Maker 2003,2,2015
RPG Maker VX Ace,3,2017
RPG Tycoon,8,2018
RUNNING WITH RIFLES,1,2016
RUSH,3,2017
RWBY: Grimm Eclipse,2,2017
RWBY: Volume 2,1,2014
Rabbit Hole 3D: Steam Edition,1,2018
Rabiez: Epidemic,3,2018
Race Injection,1,2018
Race The Sun,17,2017
Race To Mars,1,2016
Race: The WTCC Game,1,2018
RaceRoom Racing Experience ,44,2016
Radial-G : Racing Revolved,3,2014
Radiator 2,3,2016
Ragnarok,2,2018
Ragnarok Clicker,2,2015
Ragnarok Online - Free to Play - European Version,1,2016
Raiden IV: OverKill,1,2014
Railroad Tycoon 2: Platinum,2,2018
Railroad Tycoon 3,6,2016
Rake,78,2015
Randal's Monday,9,2017
Rats - Time is running out!,1,2014
Ratz Instagib 2.0,1,2014
Ravaged Zombie Apocalypse,5,2015
Raycatcher,1,2017
Rayman Origins,5,2017
Real Boxing™,1,2014
Real Warfare,1,2018
Real Warfare 2: Northern Crusades,1,2018
Realities,1,2017
Really Big Sky,2,2018
Realm of the Mad God,3,2014
Realms of Arkania 3 - Shadows over Riva Classic,48,2016
Reassembly,2,2017
Rebel Galaxy,3,2016
Rebuild 3: Gangs of Deadsville,1,2015
Rec Room,3,2017
Receiver,11,2016
Recettear: An Item Shop's Tale,1,2016
Recruits,1,2018
Red Comrades Save the Galaxy: Reloaded,7,2015
Red Crucible: Firestorm,2,2017
Red Faction,1,2018
Red Faction II,1,2018
Red Faction: Armageddon,68,2017
Red Faction: Guerrilla Steam Edition,15,2016
Red Lake,1,2017
Red Orchestra 2: Heroes of Stalingrad - Single Player,98,2017
Red Orchestra: Ostfront 41-45,2,2015
Red Stone Online,4,2016
Red Trigger,16,2017
Redactem,1,2015
Redneck Racers,1,2017
Redshirt,3,2017
Reflex,20,2016
Refunct,5,2018
Regeria Hope Episode 1,1,2014
Reign Of Kings,11,2015
Reigns,5,2015
Relic Hunters Zero,7,2014
Reload,7,2016
Remember Me,3,2017
Renegade Ops,4,2018
Renowned Explorers: International Society,1,2018
Replica,4,2015
Rescue Lucy,1,2016
Resident Evil / biohazard HD REMASTER,59,2017
Resident Evil 0 / biohazard 0 HD REMASTER,3,2017
Resident Evil 5 / Biohazard 5,8,2014
Resident Evil 6 / Biohazard 6,270,2018
Resident Evil Revelations / Biohazard Revelations,6,2018
Resident Evil Revelations 2 / Biohazard Revelations 2,13,2014
Retention,1,2015
Retro City Rampage™ DX,2,2015
Retro-Pixel Castles,95,2016
Retrovirus,1,2018
Reus,116,2016
Revenge of the Titans,1,2014
Reversion - The Escape,8,2015
Revolution : Virtual Playspace,1,2018
Revolution Ace,9,2018
Rex Rocket,1,2014
Rexaura,1,2018
Rhino's Rage,1,2017
Rhythm Zone,1,2017
Richard & Alice,2,2016
Ricochet,10,2016
Ricochet: Lost Worlds,1,2014
Ride 'em Low,8,2015
RimWorld,1,2015
Riptide GP2,1,2015
Rise of Flight United,9,2016
Rise of Incarnates,1,2016
Rise of Nations: Extended Edition,2,2014
Rise of the Argonauts,5,2015
Risen,2,2014
Risen 2 - Dark Waters,4,2014
Rising Angels: Reborn,1,2016
Rising Storm/Red Orchestra 2 Multiplayer,10,2018
Risk of Rain,75,2016
Rituals,1,2016
Rivals of Aether,9,2014
Road Not Taken,1,2015
Robocraft,78,2018
Robotex,1,2016
Rochard,2,2016
Rock 'N' Roll Defense,1,2014
Rock Boshers DX: Director's Cut,1,2016
Rock of Ages,7,2016
Rocket League,12,2016
Rocketbirds: Hardboiled Chicken,145,2016
Rocksmith,1,2018
Rogue Legacy,14,2014
Rogue Trooper,4,2017
Rogue's Tale,3,2017
RollerCoaster Tycoon 2: Triple Thrill Pack,1,2014
RollerCoaster Tycoon 3: Platinum!,1,2016
RollerCoaster Tycoon: Deluxe,13,2014
Rolling Sun,2,2015
Rome: Total War,3,2017
Rome: Total War - Alexander,3,2018
Roogoo,1,2014
Roommates,170,2016
Royal Bounty HD,2,2017
Royal Defense,22,2017
Royal Quest,1,2016
Rubber Ducky and the Rainbow Gun,4,2017
Rugby League Team Manager 2015,2,2015
Rugby Union Team Manager 2015,1,2018
Run Run And Die,3,2015
RunGunJumpGun,1,2018
Runaway: A Road Adventure,6,2017
Rune Classic,1,2017
RuneScape: Idle Adventures,5,2014
Runers,1,2016
Running Shadow,1,2017
Rush Bros,1,2015
Rusty Hearts,1,2017
Ruzh Delta Z,6,2015
RymdResa,1,2018
Ryse: Son of Rome,7,2016
S.K.I.L.L. - Special Force 2,3,2016
S.T.A.L.K.E.R.: Call of Pripyat,1,2015
S.T.A.L.K.E.R.: Clear Sky,5,2018
S.T.A.L.K.E.R.: Shadow of Chernobyl,9,2015
SC2VN - The eSports Visual Novel,1,2018
SCP 087. Re,1,2014
SEGA Mega Drive & Genesis Classics,24,2016
SHOCK TROOPERS,2,2014
SHOGUN: Total War™ - Gold Edition,7,2014
SLAMMED!,2,2018
SOMA,11,2016
SONIC THE HEDGEHOG 4 Episode I,32,2017
SONIC THE HEDGEHOG 4 Episode II,52,2015
SPY Fox in: Cheese Chase,7,2014
SPY Fox in: Dry Cereal,6,2016
STAR WARS™ Battlefront™ II,1,2016
STAR WARS™ Empire at War: Gold Pack,1,2017
STAR WARS™ Galactic Battlegrounds Saga,2,2014
STAR WARS™ Jedi Knight II: Jedi Outcast™,14,2016
STAR WARS™ Jedi Knight: Mysteries of the Sith™,1,2018
STAR WARS™ Rebellion,5,2016
STAR WARS™ X-Wing vs TIE Fighter: Balance of Power Campaigns™,2,2018
STAR WARS™: Knights of the Old Republic™,2,2018
STAR WARS™: Rebel Assault I + II,1,2017
STAR WARS™: Rogue Squadron 3D,1,2015
STAR WARS™: TIE Fighter Special Edition,2,2014
STAR WARS™: The Clone Wars - Republic Heroes™,1,2017
STAR WARS™: The Force Unleashed™ II,7,2014
STAR WARS™: The Force Unleashed™ Ultimate Sith Edition,5,2016
STAR WARS™: X-Wing Special Edition,1,2016
STAR-BOX: RPG Adventures in Space!,1,2015
STARWHAL,2,2018
STATIC: Investigator Training,1,2016
STCC II,4,2015
SWARMRIDERS,1,2017
Sacred 2 Gold,257,2016
Sacred Citadel,1,2016
Safecracker: The Ultimate Puzzle Adventure,1,2016
Saints Row 2,3,2017
Saints Row IV,892,2015
Saints Row IV Inauguration Station,6,2016
Saints Row: Gat out of Hell,4,2017
Saints Row: The Third,3,2016
Saints Row: The Third - Initiation Station,2,2017
Sakura Angels,1,2015
Sakura Beach,1,2014
Sakura Clicker,3,2016
Sakura Dungeon,23,2018
Sakura Fantasy Chapter 1,3,2015
Sakura Santa,4,2015
Sakura Shrine Girls,8,2015
Sakura Swim Club,7,2015
Salt and Sanctuary,2,2016
Sam & Max 101: Culture Shock,1,2016
Sam & Max 102: Situation: Comedy,5,2018
Sam & Max 105: Reality 2.0,2,2014
Sam & Max 106: Bright Side of the Moon,11,2014
Sam & Max 301: The Penal Zone,21,2016
Sam & Max 302: The Tomb of Sammun-Mak,3,2017
Samudai,1,2018
Samurai Gunn,1,2017
Sanctum,60,2015
Sanctum 2,87,2017
Satellite Reign,14,2017
Saturday Morning RPG,3,2015
Savage Lands,1,2016
Scania Truck Driving Simulator,1,2016
School of Dragons: How to Train Your Dragon,8,2014
Scourge: Outbreak,12,2015
Screencheat,42,2017
Scribblenauts Unlimited,113,2015
Scribblenauts Unmasked,10,2016
Season of Mystery : The Cherry Blossom Murders,2,2015
Second Death,1,2014
Secret Ponchos,7,2016
Secret of the Magic Crystal,1,2014
Sengoku,1,2016
Sengoku Jidai: Shadow of the Shogun,1,2018
Sepia Tears,5,2017
Septerra Core,1,2016
Serena,7,2015
Serious Sam 3 Bonus Content,1,2018
Serious Sam 3: BFE,13,2014
Serious Sam Classic: The First Encounter,5,2016
Serious Sam Classic: The Second Encounter,1,2015
Serious Sam Classics: Revolution,1,2017
Serious Sam HD: The First Encounter,325,2018
Serious Sam: The Random Encounter,3,2014
Shadow Hunter,2,2018
Shadow Warrior,13,2016
Shadow Warrior Classic (1997),3,2015
Shadowcrypt,4,2018
Shadowgate,1,2016
Shadowgate: MacVenture Series,16,2018
Shadowgrounds,7,2015
Shadowrun Returns,32,2015
Shadowrun: Dragonfall - Director's Cut,23,2018
Shadowrun: Hong Kong - Extended Edition,2,2017
Shadows of Kurgansk,1,2016
Shadows on the Vatican - Act I: Greed,13,2018
Shadows on the Vatican - Act II: Wrath,1,2017
Shadows: Heretic Kingdoms,10,2015
Shaman's Storm Bundle!,1,2014
Shantae and the Pirate's Curse,6,2016
ShareX,1,2016
Shark Attack Deathmatch 2,1,2015
Shatter,31,2014
Shattered Horizon,2,2017
Shattered Planet,1,2017
ShellShock Live,32,2017
Shellshock 2: Blood Trails,1,2018
Shelter,11,2017
Shelter 2,4,2017
Shelter 2 Soundtrack,45,2018
Sheltered,1,2017
Sherlock Holmes Consulting Detective: The Case of the Mummy’s Curse,2,2017
Shin Samurai Jazz,1,2017
Shiny The Firefly,2,2017
Ship Simulator Extremes,4,2014
Shmadow,3,2014
Shooting Stars!,12,2017
Shot In The Dark,1,2015
Shovel Knight,1,2015
Showtime!,1,2018
Shred! Downhill Mountain Biking,1,2016
Shufflepuck Cantina Deluxe,9,2017
Shut Up And Dig,1,2017
SiN Episodes: Emergence,2,2015
Sid Meier's Ace Patrol,11,2015
Sid Meier's Ace Patrol: Pacific Skies,37,2016
Sid Meier's Civilization IV,6,2016
Sid Meier's Civilization IV: Colonization,2,2018
Sid Meier's Civilization V,8,2016
Sid Meier's Railroads!,3,2014
Sid Meier's Starships,1,2016
Sigils of Elohim,7,2015
Signal Ops,1,2017
Silent Hunter III,1,2017
Silent Storm,4,2015
Simutrans,1,2017
SinaRun,1,2014
Sinister City,2,2018
Sins Of The Demon RPG,35,2016
Sins of a Dark Age,2,2017
Sins of a Solar Empire: Rebellion,8,2014
Sirius Online,2,2017
Skullgirls,19,2017
Skullgirls ∞Endless Beta∞,11,2014
Skulls of the Shogun,1,2014
Sky Mercenaries,1,2016
Sky Nations,1,2016
SkyDrift,3,2017
Skyborn,11,2017
Skyreach,3,2014
Skyscraper Simulator,695,2014
Skyshine's BEDLAM,1,2017
Slam,6,2016
Sleeping Dogs: Definitive Edition,12,2015
Sleeping Dogs™,39,2018
Slipstream 5000,10,2018
Small Town Terrors Pilgrim's Hook Collector's Edition,1,2015
Small World 2,1,2018
Smooth Operators,1,2015
Smugglers 5: Invasion,1,2015
Sneaky Sneaky,4,2015
Sniper Elite,3,2016
Sniper Elite 3,13,2014
Sniper Elite: Nazi Zombie Army,35,2014
Sniper Elite: Nazi Zombie Army 2,3,2014
Sniper: Ghost Warrior,5,2014
Snooker Nation Championship,1,2014
Snow Fortress,1,2014
Snuggle Truck,9,2017
Soccer Manager 2015,1,2018
Soccer Manager 2017,1,2017
Sokobond,2,2018
Sol Survivor,51,2018
SolForge,1,2016
Solar 2,1,2015
Soldier Front 2,1,2016
Soldiers: Heroes of World War II,1,2018
Solstice,16,2017
Songs2See Editor,1,2014
Sonic Adventure DX,11,2016
Sonic Adventure™ 2 ,3,2014
Sonic CD,76,2015
Sonic and All-Stars Racing Transformed Metal Sonic DLC Pack,3,2016
Sonicomi,1,2016
Sorcery! Parts 1 & 2,1,2016
Soviet City,1,2014
Space Channel 5: Part 2,4,2017
Space Engineers,2,2015
Space Farmers,22,2015
Space Giraffe,1,2014
Space Hack,20,2015
Space Hulk Ascension,5,2014
Space Pirates and Zombies,7,2015
Space Rangers HD: A War Apart,1,2018
Space Ribbon,1,2018
Space Run,18,2014
Space Salvager,1,2016
Space Thinger,2,2016
SpaceChem,1,2015
Sparkle 3 Genesis,3,2017
Spartans Vs Zombies Defense,1,2017
Spec Ops: The Line,1,2016
Special Forces: Team X,1,2015
Spectromancer,1,2014
SpeedRunners,18,2017
Speedball 2: Tournament,1,2017
Spell Fighter VR,1,2014
SpellForce 2 - Demons of the Past,6,2017
SpellForce 2: Dragon Storm,1,2017
SpellForce 2: Gold Edition,4,2015
SpellForce: Platinum Edition,2,2014
Spelunky,112,2018
Spermination,3,2016
Spider-Man: Shattered Dimensions,2,2017
Spintires,88,2017
Spintires Editor,1,2018
Spiral Knights Preview,4,2018
Spirited Heart Deluxe,1,2015
Splendor,1,2014
Splice,2,2014
Spooky's Jump Scare Mansion,1,2016
Spore: Creepy & Cute Parts Pack,91,2018
Spore: Galactic Adventures,1,2014
Sprite Lamp,1,2015
Spud's Quest,1,2014
Squad,4,2017
Square's Route,1,2017
Squarelands,45,2014
Squishy the Suicidal Pig,5,2017
Stacking,33,2017
Star Command Galaxies,1,2018
Star Conflict,3,2015
Star Realms,1,2018
Star Ruler,1,2016
Star Ruler 2,1,2018
Star Trek,6,2017
Star Wolves 3: Civil War,12,2014
StarBreak,4,2014
StarForce: 2193,1,2015
StarForge,30,2014
Starbound,3,2015
Stardew Valley,2,2016
Stargazer,4,2014
Stargunner,1,2015
Starion Tactics,8,2015
Starlight Tactics,1,2014
Starpoint Gemini 2,2,2015
Stars in Shadow,1,2015
Starseed Pilgrim,2,2016
Starship Corporation,325,2017
Starship Rubicon,1,2018
Starship: Nova Strike,2,2014
Starward Rogue,9,2014
State of Decay: Year-One,6,2016
Stealth Bastard Deluxe,3,2017
Stealth Inc 2,32,2015
Steam Marines,1,2015
Steam and Metal,1,2016
SteamWorld Dig,16,2015
Steamalot: Epoch's Journey,2,2014
Steel & Steam: Episode 1,2,2018
Stellaris,55,2015
Steredenn,1,2016
Stick RPG 2,2,2017
Still Life 2,2,2018
Stonehearth,9,2018
Stories of Bethem: Full Moon,2,2017
Stories: The Path of Destinies,1,2016
Storm United,43,2018
Storm of Spears,1,2015
Stormrise,1,2015
Straima,1,2016
Strategic War in Europe,2,2014
Street Fighter IV,8,2016
Street Fighter V,5,2014
Street Fighter X Tekken,2,2016
Street Legal Racing: Redline v2.3.1,2,2016
Street Racing Syndicate,5,2014
Street Warriors Online,1,2016
Streets of Fury EX,1,2016
Strider,30,2018
Strife,5,2017
Strike Suit Infinity,2,2018
Strike Suit Zero,1,2018
Strike Suit Zero: Director's Cut,1,2016
Strike Vector,1,2015
Strike.is: The Game,3,2014
Stronghold 2,3,2017
Stronghold Crusader Extreme HD,2,2015
Stronghold Crusader HD,1,2018
Stronghold HD,1,2016
Stronghold Kingdoms,5,2017
Stubbs the Zombie in Rebel Without a Pulse,1,2017
StuntMANIA Reloaded,1,2015
Subnautica,5,2017
Subspace Continuum,12,2016
Summer Sale,1,2018
Summoner,2,2017
Sun Blast,1,2014
Sunless Sea,21,2015
Super Comboman,1,2018
Super Dungeon Run,1,2017
Super Hexagon,4,2016
Super Kitty Boing Boing,2,2015
Super Meat Boy,1,2017
Super Monday Night Combat,8,2018
Super Sanctum TD,46,2017
Super Space Pug,1,2018
Super Splatters,2,2015
Super Time Force Ultra,1,2018
Super Toy Cars,45,2014
Superbrothers: Sword & Sworcery EP,5,2018
Supreme Commander,2,2015
Supreme Commander: Forged Alliance,18,2015
Surgeon Simulator,3,2018
Surgeon Simulator VR: Meet The Medic,160,2014
SurvHive,1,2014
Survarium,271,2018
Survivalist,9,2018
Survivor Squad,1,2016
Sven Co-op,204,2017
SweatShop,1,2014
Swipecart,8,2017
Switchcars,1,2015
Sword Coast Legends,1,2017
Sword of the Samurai,1,2018
Sword of the Stars Complete Collection,7,2015
Sword of the Stars: Argos Naval Yard Expansion,1,2015
Sword of the Stars: The Pit,1,2015
Syberia,5,2015
Syder Arcade,6,2018
Synonymy,2,2014
System Shock 2,18,2016
System Shock: Enhanced Edition,1,2016
T.E.C. 3001,1,2018
TDP4:Team Battle,1,2017
TERA,2,2017
THE KING OF FIGHTERS 2002 UNLIMITED MATCH,1,2018
THE KING OF FIGHTERS XIII STEAM EDITION,2,2016
TIMEframe,1,2014
TIS-100,1,2014
TOXIKK,89,2017
TRANSFORMERS: Devastation,1,2014
TRAUMA,3,2017
TRI: Of Friendship and Madness,2,2016
TRON: Evolution,1,2018
TUG,6,2017
TY the Tasmanian Tiger,10,2015
TY the Tasmanian Tiger 4,2,2016
Tabletop Simulator,7,2015
Tactical Craft Online,3,2016
Tactical Intervention,1,2018
Tahira: Echoes of the Astral Empire,212,2016
Taimumari,1,2014
Take On Helicopters,1,2018
Tales From The Dragon Mountain 2: The Lair,1,2016
Tales Runner,2,2017
Tales from Space: Mutant Blobs Attack,10,2014
Tales from the Borderlands,3,2014
Tales of Monkey Island: Chapter 3 - Lair of the Leviathan ,1,2017
Tales of Monkey Island: Chapter 5 - Rise of the Pirate God,1,2018
Tales of Zestiria,4,2018
Talisman: Digital Edition,3,2015
Tasty Blue,6,2016
Team Fortress Classic,11,2018
Team Indie,2,2014
Teddy Floppy Ear - Kayaking,43,2018
Teeworlds,4,2018
Teleglitch: Die More Edition,16,2015
Tengami,1,2014
Terra Lander,1,2014
Terra Nova: Strike Force Centauri,1,2018
Terraria,36,2018
Terrorhedron,3,2018
Tesla Effect,2,2015
Test Drive Unlimited 2,3,2014
Tetrobot and Co.,1,2016
Tharsis,1,2017
The 39 Steps,4,2018
The Albino Hunter,22,2014
The Apogee Throwback Pack,1,2017
The Art of Playing,1,2015
The Away Team,1,2018
The Ball,2,2017
The Banner Saga,16,2018
The Banner Saga: Factions,23,2017
The Beginner's Guide,1,2017
The Binding of Isaac,69,2017
The Binding of Isaac: Rebirth,63,2014
The Black Death,12,2015
The Blackwell Legacy,1,2017
The Blue Flamingo,1,2017
The Book of Unwritten Tales,3,2017
The Bridge,9,2018
The Bug Butcher,1,2018
The Bureau: XCOM Declassified,6,2018
The Campaign Series: Fall Weiss,1,2016
The Cat and the Coup,2,2015
The Cave,4,2015
The Chaos Engine,7,2018
The Collider,2,2014
The Culling,2,2014
The Curious Expedition,3,2014
The Dark Eye: Chains of Satinav,2,2016
The Darkness II,2,2015
The Dead Linger,7,2014
The Deed,10,2018
The Deed: Dynasty,1,2018
The Deer God,1,2017
The Depths of Tolagal,1,2018
The Descendant,1,2014
The Detail Episode 3 - Devil in The Detail,1,2018
The Dream Machine,1,2014
The Dream Machine: Chapter 3,5,2017
The Elder Scrolls Online: Tamriel Unlimited,17,2018
The Escapists,125,2015
The Escapists: The Walking Dead,1,2014
The Evil Within,3,2017
The Expendabros,4,2015
The Fall,5,2014
The Fall of the Dungeon Guardians,1,2018
The Falling Sun,40,2017
The Fifth Day,23,2015
The Flock,1,2014
The Forgotten Ones,6,2015
The Four Kings Casino and Slots,1,2017
The Game of Life,9,2016
The Gate,1,2018
The God's Chain,1,2015
The Great Fusion,2,2018
The Guild II,34,2014
The Hat Man: Shadow Ward,4,2016
The Haunted: Hells Reach,3,2016
The Howler,9,2017
The I of the Dragon,1,2014
The Impossible Game,10,2017
The Incredible Adventures of Van Helsing II,12,2017
The Incredible Adventures of Van Helsing: Final Cut,2,2016
The Incredible Baron,1,2015
The Inner World,1,2017
The Jackbox Party Pack,1,2016
The Joylancer: Legendary Motor Knight,8,2014
The Knobbly Crook: Chapter I - The Horse You Sailed In On,1,2018
The Land Of Lamia,1,2015
The Last Photon,1,2016
The Last Remnant,6,2015
The Legend of Dark Witch,1,2015
The Legend of Heroes: Trails in the Sky SC,1,2016
The Lion's Song,1,2016
The Longest Journey,10,2014
The Lord of the Rings: War in the North,1,2016
The Lost Mythologies,1,2014
The Lost Valley,1,2017
The Madness of Little Emma,1,2014
The Making of Grim Fandango Remastered: The Remastered Treatment,123,2015
The Marvellous Miss Take,2,2016
The Mean Greens - Plastic Warfare,4,2015
The Mighty Quest For Epic Loot,43,2016
The Misadventures of P.B. Winterbottom,2,2018
The Moon Sliver,134,2015
The Music Machine,1,2014
The Night of the Rabbit,8,2017
The Novelist,1,2014
The Orb Chambers,1,2014
The Park,6,2016
The Path,19,2014
The Plan,31,2014
The Political Machine,120,2015
The Political Machine 2016,1,2014
The Polynomial,1,2017
The Promised Land,1,2017
The Raven - Legacy of a Master Thief,1,2016
The Rebel,2,2014
The Red Solstice,38,2016
The Repopulation,2,2018
The SKIES,2,2018
The Sacred Tears TRUE,2,2014
The Samaritan Paradox,32,2016
The Sandbox,8,2017
The Scourge Project: Episode 1 and 2,9,2016
The Secret World,10,2018
The Settlers 7: Paths to a Kingdom - Gold Edition,7,2015
The Sheltered,1,2018
The Ship,1,2016
The Ship Single Player,110,2017
The Ship Tutorial,1,2017
The Ship: Remasted,3,2015
The Showdown Effect,2,2014
The Sims(TM) 3,6,2017
The Slaughter: Act One,16,2015
The Solus Project,1,2014
The Sources of Tremendous Corporation,1,2016
The Spatials,4,2016
The Stalin Subway,2,2014
The Stanley Parable,17,2015
The Story Goes On,2,2015
The Swapper,40,2016
The Talos Principle,1,2015
The Technomancer,1,2014
The Tiny Bang Story,7,2017
The Tower Of Elements,16,2015
The Tribe,1,2014
The Troma Project,1,2017
The Typing of The Dead: Overkill,39,2017
The Ultimate DOOM,6,2014
The VR Museum of Fine Art,1,2016
The Void,4,2017
The Walking Dead,15,2015
The Walking Dead: Michonne,1,2016
The Walking Dead: Season Two,40,2015
The Way of Life Free Edition,27,2018
The Way of the Pixelated Fist,2,2016
The Whispered World,1,2017
The Whispered World Special Edition,2,2017
The Witcher 2: Assassins of Kings Enhanced Edition,6,2018
The Witcher: Enhanced Edition,7,2015
The Wonderful End of the World,81,2015
The Yawhg,8,2015
The chronicles of Emerland. Solitaire.,1,2015
Theatre of War 2: Africa 1943,1,2015
Theatre of War 2: Kursk 1943 ,3,2015
Theatre of War 3: Korea,1,2014
Theme Park Studio,4,2018
They Bleed Pixels,1,2014
They Came From The Moon,2,2016
Thief,1,2015
Thief 2,2,2017
Thief Town,1,2016
Thief: Deadly Shadows,13,2017
Thinking with Time Machine,4,2017
This Is the Police,4,2014
This Starry Midnight We Make,1,2018
Thomas Was Alone,5,2014
ThreadSpace: Hyperbol,1,2018
Three Digits,1,2017
Three Heroes,1,2017
Ticket to Ride,2,2014
Tidalis,206,2018
Tiki Man,1,2016
Tilt Brush,2,2017
Time Clickers,1,2015
"Time Gentlemen, Please!",2,2017
Time Ramesside (A New Reckoning),1,2018
Time of Dragons,1,2015
TimeShift,2,2014
Timelines: Assault on America,1,2015
Tiny and Big: Grandpa's Leftovers,2,2014
TinyKeep,1,2014
Titan Attacks,7,2016
Titan Quest,7,2018
Titan Quest Anniversary Edition,28,2018
Titan Quest: Immortal Throne,3,2014
Titanis,1,2018
To the Moon,6,2016
Tokyo Babel,1,2015
Tom Clancy's EndWar,2,2014
Tom Clancy's Ghost Recon Future Soldier,3,2015
Tom Clancy's Ghost Recon Phantoms - EU,3,2015
Tom Clancy's Ghost Recon Phantoms - NA,3,2014
Tom Clancy's H.A.W.X. 2,1,2014
Tom Clancy's Rainbow Six 3: Athena Sword,1,2016
Tom Clancy's Rainbow Six 3: Gold Edition,4,2016
Tom Clancy's Rainbow Six Siege,23,2015
Tom Clancy's Rainbow Six: Lockdown,1,2014
Tom Clancy's Rainbow Six: Vegas,1,2015
Tom Clancy's Splinter Cell Blacklist,92,2016
Tom Clancy's Splinter Cell: Double Agent,3,2016
Tomb Raider,8,2017
Tomb Raider (VI): The Angel of Darkness,2,2015
Tomb Raider I,2,2016
Tomb Raider II,1,2015
Tomb Raider: Anniversary,8,2016
Tomb Raider: Chronicles,3,2014
Tony Hawk's Pro Skater HD,5,2016
Torchlight,44,2018
Torchlight II,145,2016
Toribash,4,2017
TorqueL,1,2016
Total War Battles: SHOGUN,1,2017
Total War: ATTILA,11,2015
Total War: ROME II - Emperor Edition,18,2018
Tower Unite,3,2014
Tower Wars,1,2016
Tower Wars Editor,5,2015
Tower of Guns,4,2015
TowerFall Ascension,17,2014
Towers of Altrac,1,2016
Town of Salem,13,2014
Townopolis,2,2017
Towtruck Simulator 2015,1,2017
Toy Soldiers,141,2016
Toy Soldiers: Complete,2,2015
Toy Story 3,7,2018
TrackMania Nations Forever,22,2017
TrackMania² Stadium,1,2014
TrackMania² Valley,3,2018
Trackmania Turbo,1,2014
Tradewinds 2,19,2015
Tradewinds Classic,2,2016
Trainz: Murchison 2,1,2018
TransOcean: The Shipping Company,1,2014
TransPlan,1,2017
Transformers: Fall of Cybertron,15,2015
Transformers: War for Cybertron,1,2014
Transistor,147,2015
Transmissions: Element 120,1,2018
Trapped Dead,2,2018
Trash TV (demo),2,2014
Treasure Planet Battle at Procyon,1,2018
Tree of Life,1,2016
Tree of Savior (English Ver.),24,2017
Trench Run,1,2016
Trials 2: Second Edition,34,2015
Trials Evolution Gold Edition,2,2016
Tribes: Ascend,4,2014
Trickster VR,2,2014
Trigger Runners,1,2015
Trine,1,2014
Triple Town,3,2017
Tropico,7,2014
Tropico 2: Pirate Cove,3,2017
Tropico 3 - Steam Special Edition,1,2016
Tropico 3: Absolute Power,2,2018
Tropico 4,76,2014
Trouble In The Manor,3,2017
Trove,5,2016
Truck Racer,4,2016
True or False,8,2014
Tsukumogami,1,2015
Tuk Ruk,1,2017
Turbo Dismount,2,2014
Turbo Pug,4,2014
Turmoil,2,2017
Turok: Dinosaur Hunter,1,2015
Twin Sector,1,2017
Two Worlds: Epic Edition,3,2018
Type:Rider,15,2018
Tyto Ecology,1,2016
UBERMOSH,1,2015
UBERMOSH Vol.3,2,2015
UGT - 1. 3DS Max Modeling - 1.4,1,2018
UGT - 2. S.P. Texturing - 1.3,1,2016
UberStrike,32,2018
Ubinota,1,2016
UfoPilot : Astro-Creeps Elite,5,2016
Ukrainian Ninja,3,2015
Ultimate Chicken Horse,1,2016
Ultimate General: Gettysburg,13,2017
Ultimate Tic-Tac-Toe,2,2016
Ultionus: A Tale of Petty Revenge,4,2014
Ultra Street Fighter IV,2,2016
Uncanny Valley,1,2015
Uncharted Waters Online: Episode Atlantis,1,2015
Uncrowded,1,2015
Under the Ocean,7,2016
Undertale,5,2017
Unending Galaxy,1,2016
Unepic,43,2015
Unforgiving Trials: The Darkest Crusade,16,2015
Unity of Command,1,2016
Universe Sandbox ²,3,2018
Universe at War: Earth Assault,3,2016
Unreal Gold,39,2015
Unreal Tournament 2004,2,2015
Unreal Tournament 3: Black Edition,19,2015
Unreal Tournament: Game of the Year Edition,23,2016
Unrest,1,2017
Unstoppable Gorg,16,2014
Urban Chaos,1,2016
Urban Trial Freestyle,7,2015
Urizen Shadows of the Cold,1,2017
VR Boxing Workout,1,2015
VVVVVV,4,2015
Vagrant Hearts,1,2016
Valdis Story: Abyssal City,4,2018
Valentino Rossi The Game,1,2018
Valhalla Hills,3,2017
Valiant Hearts: The Great War™ / Soldats Inconnus : Mémoires de la Grande Guerre™,100,2014
Valkyria Chronicles™,42,2018
Vampire of the Sands,1,2015
Vampire: The Masquerade - Bloodlines,8,2018
Vanguard Princess,3,2016
Vanguard Princess Director's Cut,3,2014
Vanguard: Saga of Heroes F2P,1,2017
Velvet Sundown,8,2015
Verdun,21,2015
Vertiginous Golf,1,2018
Vessel,8,2016
Victim of Xen,11,2016
Victoria II,1,2017
Victory Command,1,2018
Vigil: Blood Bitterness,6,2018
Viking: Battle for Asgard,14,2018
Viktor,1,2015
Villagers and Heroes,7,2016
Vindictus,5,2018
VirZOOM Arcade,1,2017
Virtual DJ,1,2015
Virtual Pool 4,1,2017
Virtual Villagers: A New Home,1,2017
Viscera Cleanup Detail,1,2017
Viscera Cleanup Detail: Shadow Warrior,8,2016
Vitrum,6,2015
VoiceBot,1,2015
Void & Meddler,1,2018
Void 21,1,2017
Void Destroyer,1,2014
VoidExpanse,9,2015
Volgarr the Viking,3,2017
Voodoo Whisperer Curse of a Legend,2,2015
WAKFU - Book II: Ush,1,2017
WALL E,1,2015
WARMODE,1,2016
WARP,1,2018
WWE 2K15,1,2014
WWE 2K16,12,2017
Waking Mars,26,2016
Wallace & Gromit Ep 1: Fright of the Bumblebees,1,2015
Wallace & Gromit Ep 4: The Bogey Man,2,2015
Wanderlust: Rebirth,4,2018
Wanted: Weapons of Fate,1,2017
War Inc. Battlezone,92,2015
War Thunder,324,2015
War of Beach,1,2014
War of the Immortals,1,2015
War of the Roses,189,2016
War on Folvos,11,2016
"War, the Game",3,2015
Warehouse and Logistics Simulator,2,2016
Warface,257,2015
Warfare,4,2018
Warframe,1,2018
"Warhammer 40,000 Space Marine",1,2018
"Warhammer 40,000: Dawn of War – Dark Crusade",2,2017
"Warhammer 40,000: Dawn of War – Winter Assault",80,2014
"Warhammer 40,000: Eternal Crusade",5,2017
"Warhammer 40,000: Regicide",32,2014
Warhammer: End Times - Vermintide,7,2017
"Warhammer® 40,000™: Dawn of War® II",33,2017
"Warhammer® 40,000™: Dawn of War® II - Chaos Rising™",14,2015
"Warhammer® 40,000™: Dawn of War® II – Retribution™",8,2014
Warlocks vs Shadows,1,2017
Warmachine Tactics,1,2018
Warriors & Castles,1,2018
Wasteland 2,4,2017
Wasteland 2: Director's Cut,3,2016
Watch_Dogs,15,2015
Water Bears VR,2,2016
Waves,1,2018
Way of the Samurai 3,1,2017
WazHack,3,2016
We Are Legion,1,2017
We Happy Few,3,2016
We The Voters: Disrupt Lobbying,1,2015
Weird Worlds: Return to Infinite Space,2,2017
Welcome to the Game,2,2017
Westerado: Double Barreled,3,2016
What's under your blanket !?,1,2018
Where is my Heart?,11,2018
White Night,1,2016
White Noise Online,1,2017
Whitewash,1,2014
Why So Evil,1,2015
Why So Evil 2: Dystopia,2,2017
Wick,2,2018
Wickland,1,2016
Wild Frontera,1,2016
Wild Warfare,2,2018
WildStar,3,2014
Wildlife Park 2 - Horses,2,2018
Wilson Chronicles - Beta,1,2017
Wind of Luck: Arena,1,2018
Windforge,1,2018
Windlands,2,2015
Within,4,2015
Without Within,2,2017
Withstand: Apotheosis,2,2018
Wizardry 7: Crusaders of the Dark Savant,1,2018
Wizardry Online,1,2017
Wizorb,4,2017
Wolfenstein 3D,2,2015
Wolfenstein: The New Order,75,2016
Wolfenstein: The Old Blood ,10,2014
Woodle Tree Adventures,1,2017
Woof Blaster,1,2018
Woolfe - The Red Hood Diaries,2,2016
Word Rescue,1,2014
World Basketball Manager 2010,3,2014
World War II GI,1,2016
World War II: Panzer Claws,1,2017
World of Cinema - Movie Tycoon,1,2018
World of Diving,2,2017
World of Guns: Gun Disassembly,3,2018
World of Soccer online,3,2018
World of Zoo,21,2017
World's Dawn,1,2018
World's Fastest Pizza,3,2018
Worm.is: The Game,10,2014
Worms,1,2018
Worms Armageddon,2,2014
Worms Blast,1,2018
Worms Pinball,1,2017
Worms Reloaded,3,2016
Worms Revolution,2,2015
Wrack,5,2017
X-COM: Terror from the Deep,5,2018
X3: Albion Prelude,63,2017
X3: Terran Conflict,5,2017
XCOM 2,20,2015
XCOM: Enemy Unknown,254,2016
XIII Century,2,2014
Xam,6,2014
Xotic,1,2018
Xpand Rally,2,2014
Xpand Rally Xtreme,1,2016
YOU DON'T KNOW JACK Vol. 1 XL,2,2017
YOU DON'T KNOW JACK Vol. 2,1,2016
YOU DON'T KNOW JACK Vol. 3,1,2018
YOU DON'T KNOW JACK Vol. 4 The Ride,16,2017
Yatagarasu Attack on Cataclysm,49,2018
Yet Another Zombie Defense,4,2015
Yosumin!,2,2015
You Have to Win the Game,3,2016
You Must Build A Boat,17,2014
You Need A Budget 4 (YNAB),1,2018
Your Doodles Are Bugged!,1,2014
Youtubers Life,1,2017
Ys II,1,2016
Yumsters! 2: Around the World!,1,2016
Z,3,2015
ZAMB! Biomutant Extermination,1,2015
ZHEROS,1,2018
Zack Zero,6,2016
Zeno Clash,31,2014
Zeno Clash 2,30,2018
Zeus Quest Remastered,1,2016
Zigfrak,4,2017
Ziro,3,2014
Zombie Army Trilogy,18,2015
Zombie Driver,1,2016
Zombie Exodus,1,2015
Zombie Hunter Marksman (or ''Buy us Energy Drinks'') Supporter Pack,1,2017
Zombie Kill of the Week - Reborn,2,2017
Zombie Killtime,1,2018
Zombie Night Terror,2,2016
Zombie Office Politics,1,2015
Zombie Pirates,1,2016
Zombie Training Simulator,2,2017
ZombieRun,13,2018
Zoo Park,58,2016
Zotrix,1,2014
Zxill: A Legend of Time,1,2016
bit Dungeon II,1,2015
eXceed 2nd - Vampire REX,6,2015
eXceed 3rd - Jade Penetrate Black Package,2,2014
fault - milestone one,2,2015
fault - milestone two side:above,1,2017
how do you Do It?,1,2014
iBomber Defense Pacific,5,2014
iPi Mocap Studio 2,1,2014
ibb & obb,3,2018
klocki,3,2016
oO,2,2014
resident evil 4 / biohazard 4,95,2014
rymdkapsel,5,2018
samurai_jazz,2,2016
the static speaks my name,1,2018
theHunter,1,2018
theHunter: Primal,11,2014
侠客风云传(Tale of Wuxia),3,2017
